"vehicleId","vehicleTypeId"
"1-0","CAV"
"1-1","Car"
"1-2","Car"
"2-0","CAV"
"2-1","Car"
"3-0","CAV"
"3-1","Car"
"3-2","Car"
"4-0","CAV"
"4-1","Car"
"5-0","CAV"
"5-1","Car"
"6-0","CAV"
"6-1","Car"
"7-0","CAV"
"7-1","Car"
"7-2","Car"
"8-0","CAV"
"8-1","Car"
"8-2","Car"
"8-3","Car"
"8-4","Car"
"9-0","CAV"
"9-1","Car"
"9-2","Car"
"10-0","CAV"
"10-1","Car"
"10-2","Car"
"10-3","Car"
"11-0","CAV"
"11-1","Car"
"11-2","Car"
"12-0","CAV"
"12-1","Car"
"12-2","Car"
"12-3","Car"
"12-4","Car"
"13-0","CAV"
"13-1","Car"
"13-2","Car"
"14-0","CAV"
"14-1","Car"
"15-0","CAV"
"15-1","Car"
"15-2","Car"
"15-3","Car"
"15-4","Car"
"16-0","CAV"
"16-1","Car"
"16-2","Car"
"17-0","CAV"
"17-1","Car"
"17-2","Car"
"18-0","CAV"
"18-1","Car"
"19-0","CAV"
"19-1","Car"
"19-2","Car"
"20-0","CAV"
"20-1","Car"
"20-2","Car"
"21-0","CAV"
"21-1","Car"
"22-0","CAV"
"22-1","Car"
"22-2","Car"
"22-3","Car"
"22-4","Car"
"23-0","CAV"
"23-1","Car"
"23-2","Car"
"24-0","CAV"
"24-1","Car"
"25-0","CAV"
"25-1","Car"
"26-0","CAV"
"26-1","Car"
"27-0","CAV"
"27-1","Car"
"28-0","CAV"
"28-1","Car"
"29-0","CAV"
"29-1","Car"
"30-0","CAV"
"30-1","Car"
"30-2","Car"
"30-3","Car"
"30-4","Car"
"31-0","CAV"
"31-1","Car"
"32-0","CAV"
"32-1","Car"
"33-0","CAV"
"33-1","Car"
"34-0","CAV"
"34-1","Car"
"34-2","Car"
"35-0","CAV"
"35-1","Car"
"35-2","Car"
"36-0","CAV"
"36-1","Car"
"36-2","Car"
"37-0","CAV"
"37-1","Car"
"37-2","Car"
"38-0","CAV"
"38-1","Car"
"38-2","Car"
"38-3","Car"
"39-0","CAV"
"39-1","Car"
"39-2","Car"
"40-0","CAV"
"40-1","Car"
"41-0","CAV"
"41-1","Car"
"41-2","Car"
"41-3","Car"
"42-0","CAV"
"42-1","Car"
"42-2","Car"
"43-0","CAV"
"43-1","Car"
"44-0","CAV"
"44-1","Car"
"45-0","CAV"
"45-1","Car"
"45-2","Car"
"45-3","Car"
"46-0","CAV"
"46-1","Car"
"46-2","Car"
"47-0","CAV"
"47-1","Car"
"48-0","CAV"
"48-1","Car"
"48-2","Car"
"48-3","Car"
"48-4","Car"
"49-0","CAV"
"49-1","Car"
"50-0","CAV"
"50-1","Car"
"50-2","Car"
"50-3","Car"
"51-0","CAV"
"51-1","Car"
"51-2","Car"
"51-3","Car"
"52-0","CAV"
"52-1","Car"
"52-2","Car"
"52-3","Car"
"52-4","Car"
"53-0","CAV"
"53-1","Car"
"53-2","Car"
"53-3","Car"
"54-0","CAV"
"54-1","Car"
"54-2","Car"
"54-3","Car"
"55-0","CAV"
"55-1","Car"
"55-2","Car"
"55-3","Car"
"55-4","Car"
"56-0","CAV"
"56-1","Car"
"56-2","Car"
"56-3","Car"
"56-4","Car"
"57-0","CAV"
"57-1","Car"
"57-2","Car"
"57-3","Car"
"57-4","Car"
"58-0","CAV"
"58-1","Car"
"58-2","Car"
"59-0","CAV"
"59-1","Car"
"59-2","Car"
"60-0","CAV"
"60-1","Car"
"60-2","Car"
"60-3","Car"
"60-4","Car"
"61-0","CAV"
"61-1","Car"
"62-0","CAV"
"62-1","Car"
"63-0","CAV"
"63-1","Car"
"63-2","Car"
"64-0","CAV"
"64-1","Car"
"65-0","CAV"
"65-1","Car"
"66-0","CAV"
"66-1","Car"
"67-0","CAV"
"67-1","Car"
"68-0","CAV"
"68-1","Car"
"68-2","Car"
"68-3","Car"
"68-4","Car"
"69-0","CAV"
"69-1","Car"
"69-2","Car"
"69-3","Car"
"69-4","Car"
"70-0","CAV"
"70-1","Car"
"70-2","Car"
"71-0","CAV"
"71-1","Car"
"72-0","CAV"
"72-1","Car"
"73-0","CAV"
"73-1","Car"
"73-2","Car"
"74-0","CAV"
"74-1","Car"
"74-2","Car"
"75-0","CAV"
"75-1","Car"
"76-0","CAV"
"76-1","Car"
"77-0","CAV"
"77-1","Car"
"78-0","CAV"
"78-1","Car"
"78-2","Car"
"79-0","CAV"
"79-1","Car"
"80-0","CAV"
"80-1","Car"
"80-2","Car"
"80-3","Car"
"81-0","CAV"
"81-1","Car"
"81-2","Car"
"81-3","Car"
"82-0","CAV"
"82-1","Car"
"82-2","Car"
"82-3","Car"
"82-4","Car"
"83-0","CAV"
"83-1","Car"
"83-2","Car"
"83-3","Car"
"83-4","Car"
"84-0","CAV"
"84-1","Car"
"84-2","Car"
"84-3","Car"
"84-4","Car"
"85-0","CAV"
"85-1","Car"
"85-2","Car"
"85-3","Car"
"86-0","CAV"
"86-1","Car"
"86-2","Car"
"87-0","CAV"
"87-1","Car"
"87-2","Car"
"87-3","Car"
"87-4","Car"
"88-0","CAV"
"88-1","Car"
"88-2","Car"
"89-0","CAV"
"89-1","Car"
"89-2","Car"
"89-3","Car"
"90-0","CAV"
"90-1","Car"
"90-2","Car"
"91-0","CAV"
"91-1","Car"
"91-2","Car"
"92-0","CAV"
"92-1","Car"
"92-2","Car"
"93-0","CAV"
"93-1","Car"
"93-2","Car"
"93-3","Car"
"94-0","CAV"
"94-1","Car"
"94-2","Car"
"94-3","Car"
"94-4","Car"
"95-0","CAV"
"95-1","Car"
"95-2","Car"
"95-3","Car"
"95-4","Car"
"96-0","CAV"
"96-1","Car"
"97-0","CAV"
"97-1","Car"
"97-2","Car"
"98-0","CAV"
"98-1","Car"
"98-2","Car"
"98-3","Car"
"99-0","CAV"
"99-1","Car"
"99-2","Car"
"100-0","CAV"
"100-1","Car"
"100-2","Car"
"100-3","Car"
"101-0","CAV"
"101-1","Car"
"101-2","Car"
"101-3","Car"
"101-4","Car"
"102-0","CAV"
"102-1","Car"
"103-0","CAV"
"103-1","Car"
"103-2","Car"
"104-0","CAV"
"104-1","Car"
"104-2","Car"
"104-3","Car"
"104-4","Car"
"105-0","CAV"
"105-1","Car"
"105-2","Car"
"106-0","CAV"
"106-1","Car"
"106-2","Car"
"107-0","CAV"
"107-1","Car"
"108-0","CAV"
"108-1","Car"
"109-0","CAV"
"109-1","Car"
"110-0","CAV"
"110-1","Car"
"110-2","Car"
"111-0","CAV"
"111-1","Car"
"111-2","Car"
"111-3","Car"
"112-0","CAV"
"112-1","Car"
"112-2","Car"
"112-3","Car"
"112-4","Car"
"113-0","CAV"
"113-1","Car"
"113-2","Car"
"114-0","CAV"
"114-1","Car"
"114-2","Car"
"115-0","CAV"
"115-1","Car"
"115-2","Car"
"115-3","Car"
"116-0","CAV"
"116-1","Car"
"116-2","Car"
"116-3","Car"
"117-0","CAV"
"117-1","Car"
"117-2","Car"
"117-3","Car"
"118-0","CAV"
"118-1","Car"
"119-0","CAV"
"119-1","Car"
"119-2","Car"
"120-0","CAV"
"120-1","Car"
"120-2","Car"
"120-3","Car"
"120-4","Car"
"121-0","CAV"
"121-1","Car"
"122-0","CAV"
"122-1","Car"
"122-2","Car"
"122-3","Car"
"123-0","CAV"
"123-1","Car"
"124-0","CAV"
"124-1","Car"
"124-2","Car"
"125-0","CAV"
"125-1","Car"
"125-2","Car"
"126-0","CAV"
"126-1","Car"
"127-0","CAV"
"127-1","Car"
"127-2","Car"
"127-3","Car"
"128-0","CAV"
"128-1","Car"
"128-2","Car"
"129-0","CAV"
"129-1","Car"
"129-2","Car"
"129-3","Car"
"130-0","CAV"
"130-1","Car"
"130-2","Car"
"131-0","CAV"
"131-1","Car"
"131-2","Car"
"132-0","CAV"
"132-1","Car"
"133-0","CAV"
"133-1","Car"
"134-0","CAV"
"134-1","Car"
"134-2","Car"
"135-0","CAV"
"135-1","Car"
"135-2","Car"
"135-3","Car"
"135-4","Car"
"136-0","CAV"
"136-1","Car"
"136-2","Car"
"136-3","Car"
"136-4","Car"
"137-0","CAV"
"137-1","Car"
"138-0","CAV"
"138-1","Car"
"138-2","Car"
"138-3","Car"
"139-0","CAV"
"139-1","Car"
"140-0","CAV"
"140-1","Car"
"141-0","CAV"
"141-1","Car"
"141-2","Car"
"141-3","Car"
"142-0","CAV"
"142-1","Car"
"142-2","Car"
"142-3","Car"
"142-4","Car"
"143-0","CAV"
"143-1","Car"
"143-2","Car"
"144-0","CAV"
"144-1","Car"
"144-2","Car"
"144-3","Car"
"144-4","Car"
"145-0","CAV"
"145-1","Car"
"145-2","Car"
"146-0","CAV"
"146-1","Car"
"146-2","Car"
"146-3","Car"
"146-4","Car"
"147-0","CAV"
"147-1","Car"
"148-0","CAV"
"148-1","Car"
"149-0","CAV"
"149-1","Car"
"150-0","CAV"
"150-1","Car"
"150-2","Car"
"151-0","CAV"
"151-1","Car"
"152-0","CAV"
"152-1","Car"
"152-2","Car"
"152-3","Car"
"153-0","CAV"
"153-1","Car"
"154-0","CAV"
"154-1","Car"
"155-0","CAV"
"155-1","Car"
"155-2","Car"
"156-0","CAV"
"156-1","Car"
"156-2","Car"
"157-0","CAV"
"157-1","Car"
"157-2","Car"
"157-3","Car"
"157-4","Car"
"158-0","CAV"
"158-1","Car"
"158-2","Car"
"158-3","Car"
"159-0","CAV"
"159-1","Car"
"159-2","Car"
"160-0","CAV"
"160-1","Car"
"161-0","CAV"
"161-1","Car"
"161-2","Car"
"162-0","CAV"
"162-1","Car"
"162-2","Car"
"163-0","CAV"
"163-1","Car"
"163-2","Car"
"164-0","CAV"
"164-1","Car"
"164-2","Car"
"165-0","CAV"
"165-1","Car"
"166-0","CAV"
"166-1","Car"
"166-2","Car"
"166-3","Car"
"166-4","Car"
"167-0","CAV"
"167-1","Car"
"167-2","Car"
"167-3","Car"
"168-0","CAV"
"168-1","Car"
"169-0","CAV"
"169-1","Car"
"170-0","CAV"
"170-1","Car"
"170-2","Car"
"171-0","CAV"
"171-1","Car"
"171-2","Car"
"171-3","Car"
"172-0","CAV"
"172-1","Car"
"172-2","Car"
"172-3","Car"
"172-4","Car"
"173-0","CAV"
"173-1","Car"
"174-0","CAV"
"174-1","Car"
"174-2","Car"
"174-3","Car"
"175-0","CAV"
"175-1","Car"
"176-0","CAV"
"176-1","Car"
"176-2","Car"
"176-3","Car"
"177-0","CAV"
"177-1","Car"
"178-0","CAV"
"178-1","Car"
"178-2","Car"
"179-0","CAV"
"179-1","Car"
"179-2","Car"
"180-0","CAV"
"180-1","Car"
"181-0","CAV"
"181-1","Car"
"181-2","Car"
"181-3","Car"
"182-0","CAV"
"182-1","Car"
"182-2","Car"
"183-0","CAV"
"183-1","Car"
"183-2","Car"
"183-3","Car"
"184-0","CAV"
"184-1","Car"
"185-0","CAV"
"185-1","Car"
"185-2","Car"
"186-0","CAV"
"186-1","Car"
"186-2","Car"
"187-0","CAV"
"187-1","Car"
"187-2","Car"
"188-0","CAV"
"188-1","Car"
"188-2","Car"
"189-0","CAV"
"189-1","Car"
"189-2","Car"
"189-3","Car"
"190-0","CAV"
"190-1","Car"
"190-2","Car"
"190-3","Car"
"190-4","Car"
"191-0","CAV"
"191-1","Car"
"191-2","Car"
"192-0","CAV"
"192-1","Car"
"192-2","Car"
"193-0","CAV"
"193-1","Car"
"194-0","CAV"
"194-1","Car"
"195-0","CAV"
"195-1","Car"
"196-0","CAV"
"196-1","Car"
"197-0","CAV"
"197-1","Car"
"198-0","CAV"
"198-1","Car"
"198-2","Car"
"198-3","Car"
"198-4","Car"
"199-0","CAV"
"199-1","Car"
"199-2","Car"
"199-3","Car"
"199-4","Car"
"200-0","CAV"
"200-1","Car"
"201-0","CAV"
"201-1","Car"
"202-0","CAV"
"202-1","Car"
"203-0","CAV"
"203-1","Car"
"203-2","Car"
"203-3","Car"
"204-0","CAV"
"204-1","Car"
"204-2","Car"
"205-0","CAV"
"205-1","Car"
"205-2","Car"
"206-0","CAV"
"206-1","Car"
"206-2","Car"
"207-0","CAV"
"207-1","Car"
"207-2","Car"
"208-0","CAV"
"208-1","Car"
"208-2","Car"
"208-3","Car"
"208-4","Car"
"209-0","CAV"
"209-1","Car"
"209-2","Car"
"210-0","CAV"
"210-1","Car"
"210-2","Car"
"210-3","Car"
"210-4","Car"
"211-0","CAV"
"211-1","Car"
"211-2","Car"
"212-0","CAV"
"212-1","Car"
"212-2","Car"
"212-3","Car"
"213-0","CAV"
"213-1","Car"
"213-2","Car"
"214-0","CAV"
"214-1","Car"
"214-2","Car"
"214-3","Car"
"214-4","Car"
"215-0","CAV"
"215-1","Car"
"215-2","Car"
"216-0","CAV"
"216-1","Car"
"216-2","Car"
"216-3","Car"
"216-4","Car"
"217-0","CAV"
"217-1","Car"
"217-2","Car"
"217-3","Car"
"218-0","CAV"
"218-1","Car"
"218-2","Car"
"219-0","CAV"
"219-1","Car"
"219-2","Car"
"219-3","Car"
"220-0","CAV"
"220-1","Car"
"220-2","Car"
"220-3","Car"
"220-4","Car"
"221-0","CAV"
"221-1","Car"
"222-0","CAV"
"222-1","Car"
"222-2","Car"
"223-0","CAV"
"223-1","Car"
"223-2","Car"
"224-0","CAV"
"224-1","Car"
"224-2","Car"
"224-3","Car"
"225-0","CAV"
"225-1","Car"
"225-2","Car"
"225-3","Car"
"226-0","CAV"
"226-1","Car"
"227-0","CAV"
"227-1","Car"
"228-0","CAV"
"228-1","Car"
"228-2","Car"
"229-0","CAV"
"229-1","Car"
"230-0","CAV"
"230-1","Car"
"230-2","Car"
"231-0","CAV"
"231-1","Car"
"231-2","Car"
"231-3","Car"
"231-4","Car"
"232-0","CAV"
"232-1","Car"
"232-2","Car"
"233-0","CAV"
"233-1","Car"
"233-2","Car"
"233-3","Car"
"233-4","Car"
"234-0","CAV"
"234-1","Car"
"235-0","CAV"
"235-1","Car"
"236-0","CAV"
"236-1","Car"
"236-2","Car"
"236-3","Car"
"236-4","Car"
"237-0","CAV"
"237-1","Car"
"238-0","CAV"
"238-1","Car"
"239-0","CAV"
"239-1","Car"
"239-2","Car"
"239-3","Car"
"239-4","Car"
"240-0","CAV"
"240-1","Car"
"241-0","CAV"
"241-1","Car"
"242-0","CAV"
"242-1","Car"
"242-2","Car"
"243-0","CAV"
"243-1","Car"
"243-2","Car"
"243-3","Car"
"244-0","CAV"
"244-1","Car"
"244-2","Car"
"245-0","CAV"
"245-1","Car"
"246-0","CAV"
"246-1","Car"
"246-2","Car"
"246-3","Car"
"246-4","Car"
"247-0","CAV"
"247-1","Car"
"248-0","CAV"
"248-1","Car"
"248-2","Car"
"249-0","CAV"
"249-1","Car"
"250-0","CAV"
"250-1","Car"
"250-2","Car"
"251-0","CAV"
"251-1","Car"
"251-2","Car"
"252-0","CAV"
"252-1","Car"
"253-0","CAV"
"253-1","Car"
"253-2","Car"
"253-3","Car"
"254-0","CAV"
"254-1","Car"
"255-0","CAV"
"255-1","Car"
"255-2","Car"
"255-3","Car"
"256-0","CAV"
"256-1","Car"
"257-0","CAV"
"257-1","Car"
"257-2","Car"
"258-0","CAV"
"258-1","Car"
"258-2","Car"
"259-0","CAV"
"259-1","Car"
"259-2","Car"
"260-0","CAV"
"260-1","Car"
"260-2","Car"
"261-0","CAV"
"261-1","Car"
"262-0","CAV"
"262-1","Car"
"262-2","Car"
"263-0","CAV"
"263-1","Car"
"263-2","Car"
"264-0","CAV"
"264-1","Car"
"264-2","Car"
"264-3","Car"
"265-0","CAV"
"265-1","Car"
"265-2","Car"
"265-3","Car"
"266-0","CAV"
"266-1","Car"
"267-0","CAV"
"267-1","Car"
"267-2","Car"
"268-0","CAV"
"268-1","Car"
"269-0","CAV"
"269-1","Car"
"270-0","CAV"
"270-1","Car"
"270-2","Car"
"270-3","Car"
"270-4","Car"
"271-0","CAV"
"271-1","Car"
"272-0","CAV"
"272-1","Car"
"272-2","Car"
"272-3","Car"
"272-4","Car"
"273-0","CAV"
"273-1","Car"
"273-2","Car"
"273-3","Car"
"274-0","CAV"
"274-1","Car"
"274-2","Car"
"274-3","Car"
"275-0","CAV"
"275-1","Car"
"276-0","CAV"
"276-1","Car"
"276-2","Car"
"277-0","CAV"
"277-1","Car"
"278-0","CAV"
"278-1","Car"
"278-2","Car"
"279-0","CAV"
"279-1","Car"
"279-2","Car"
"279-3","Car"
"280-0","CAV"
"280-1","Car"
"280-2","Car"
"280-3","Car"
"281-0","CAV"
"281-1","Car"
"282-0","CAV"
"282-1","Car"
"283-0","CAV"
"283-1","Car"
"284-0","CAV"
"284-1","Car"
"285-0","CAV"
"285-1","Car"
"285-2","Car"
"285-3","Car"
"286-0","CAV"
"286-1","Car"
"286-2","Car"
"287-0","CAV"
"287-1","Car"
"288-0","CAV"
"288-1","Car"
"289-0","CAV"
"289-1","Car"
"289-2","Car"
"290-0","CAV"
"290-1","Car"
"291-0","CAV"
"291-1","Car"
"291-2","Car"
"291-3","Car"
"291-4","Car"
"292-0","CAV"
"292-1","Car"
"293-0","CAV"
"293-1","Car"
"293-2","Car"
"294-0","CAV"
"294-1","Car"
"294-2","Car"
"294-3","Car"
"295-0","CAV"
"295-1","Car"
"295-2","Car"
"296-0","CAV"
"296-1","Car"
"297-0","CAV"
"297-1","Car"
"298-0","CAV"
"298-1","Car"
"298-2","Car"
"298-3","Car"
"299-0","CAV"
"299-1","Car"
"299-2","Car"
"299-3","Car"
"300-0","CAV"
"300-1","Car"
"300-2","Car"
"301-0","CAV"
"301-1","Car"
"302-0","CAV"
"302-1","Car"
"302-2","Car"
"303-0","CAV"
"303-1","Car"
"303-2","Car"
"304-0","CAV"
"304-1","Car"
"304-2","Car"
"305-0","CAV"
"305-1","Car"
"305-2","Car"
"306-0","CAV"
"306-1","Car"
"307-0","CAV"
"307-1","Car"
"308-0","CAV"
"308-1","Car"
"308-2","Car"
"309-0","CAV"
"309-1","Car"
"310-0","CAV"
"310-1","Car"
"310-2","Car"
"310-3","Car"
"311-0","CAV"
"311-1","Car"
"311-2","Car"
"312-0","CAV"
"312-1","Car"
"312-2","Car"
"313-0","CAV"
"313-1","Car"
"313-2","Car"
"313-3","Car"
"314-0","CAV"
"314-1","Car"
"314-2","Car"
"314-3","Car"
"314-4","Car"
"315-0","CAV"
"315-1","Car"
"316-0","CAV"
"316-1","Car"
"316-2","Car"
"317-0","CAV"
"317-1","Car"
"317-2","Car"
"318-0","CAV"
"318-1","Car"
"318-2","Car"
"318-3","Car"
"318-4","Car"
"319-0","CAV"
"319-1","Car"
"319-2","Car"
"320-0","CAV"
"320-1","Car"
"320-2","Car"
"321-0","CAV"
"321-1","Car"
"322-0","CAV"
"322-1","Car"
"323-0","CAV"
"323-1","Car"
"323-2","Car"
"323-3","Car"
"323-4","Car"
"324-0","CAV"
"324-1","Car"
"325-0","CAV"
"325-1","Car"
"325-2","Car"
"326-0","CAV"
"326-1","Car"
"326-2","Car"
"327-0","CAV"
"327-1","Car"
"327-2","Car"
"327-3","Car"
"328-0","CAV"
"328-1","Car"
"329-0","CAV"
"329-1","Car"
"329-2","Car"
"329-3","Car"
"329-4","Car"
"330-0","CAV"
"330-1","Car"
"330-2","Car"
"330-3","Car"
"331-0","CAV"
"331-1","Car"
"332-0","CAV"
"332-1","Car"
"332-2","Car"
"333-0","CAV"
"333-1","Car"
"333-2","Car"
"334-0","CAV"
"334-1","Car"
"335-0","CAV"
"335-1","Car"
"335-2","Car"
"336-0","CAV"
"336-1","Car"
"337-0","CAV"
"337-1","Car"
"337-2","Car"
"337-3","Car"
"338-0","CAV"
"338-1","Car"
"339-0","CAV"
"339-1","Car"
"340-0","CAV"
"340-1","Car"
"341-0","CAV"
"341-1","Car"
"342-0","CAV"
"342-1","Car"
"342-2","Car"
"343-0","CAV"
"343-1","Car"
"343-2","Car"
"344-0","CAV"
"344-1","Car"
"345-0","CAV"
"345-1","Car"
"345-2","Car"
"345-3","Car"
"345-4","Car"
"346-0","CAV"
"346-1","Car"
"347-0","CAV"
"347-1","Car"
"348-0","CAV"
"348-1","Car"
"348-2","Car"
"349-0","CAV"
"349-1","Car"
"349-2","Car"
"350-0","CAV"
"350-1","Car"
"351-0","CAV"
"351-1","Car"
"352-0","CAV"
"352-1","Car"
"352-2","Car"
"352-3","Car"
"353-0","CAV"
"353-1","Car"
"354-0","CAV"
"354-1","Car"
"354-2","Car"
"355-0","CAV"
"355-1","Car"
"355-2","Car"
"355-3","Car"
"356-0","CAV"
"356-1","Car"
"356-2","Car"
"357-0","CAV"
"357-1","Car"
"357-2","Car"
"358-0","CAV"
"358-1","Car"
"358-2","Car"
"359-0","CAV"
"359-1","Car"
"360-0","CAV"
"360-1","Car"
"361-0","CAV"
"361-1","Car"
"361-2","Car"
"362-0","CAV"
"362-1","Car"
"362-2","Car"
"363-0","CAV"
"363-1","Car"
"364-0","CAV"
"364-1","Car"
"364-2","Car"
"365-0","CAV"
"365-1","Car"
"365-2","Car"
"366-0","CAV"
"366-1","Car"
"367-0","CAV"
"367-1","Car"
"368-0","CAV"
"368-1","Car"
"369-0","CAV"
"369-1","Car"
"369-2","Car"
"370-0","CAV"
"370-1","Car"
"370-2","Car"
"371-0","CAV"
"371-1","Car"
"372-0","CAV"
"372-1","Car"
"372-2","Car"
"372-3","Car"
"372-4","Car"
"373-0","CAV"
"373-1","Car"
"373-2","Car"
"373-3","Car"
"374-0","CAV"
"374-1","Car"
"374-2","Car"
"374-3","Car"
"375-0","CAV"
"375-1","Car"
"375-2","Car"
"376-0","CAV"
"376-1","Car"
"376-2","Car"
"377-0","CAV"
"377-1","Car"
"377-2","Car"
"378-0","CAV"
"378-1","Car"
"379-0","CAV"
"379-1","Car"
"380-0","CAV"
"380-1","Car"
"380-2","Car"
"380-3","Car"
"380-4","Car"
"381-0","CAV"
"381-1","Car"
"381-2","Car"
"381-3","Car"
"382-0","CAV"
"382-1","Car"
"382-2","Car"
"382-3","Car"
"383-0","CAV"
"383-1","Car"
"383-2","Car"
"384-0","CAV"
"384-1","Car"
"384-2","Car"
"385-0","CAV"
"385-1","Car"
"385-2","Car"
"386-0","CAV"
"386-1","Car"
"386-2","Car"
"386-3","Car"
"387-0","CAV"
"387-1","Car"
"388-0","CAV"
"388-1","Car"
"389-0","CAV"
"389-1","Car"
"389-2","Car"
"390-0","CAV"
"390-1","Car"
"390-2","Car"
"390-3","Car"
"390-4","Car"
"391-0","CAV"
"391-1","Car"
"391-2","Car"
"392-0","CAV"
"392-1","Car"
"393-0","CAV"
"393-1","Car"
"393-2","Car"
"394-0","CAV"
"394-1","Car"
"395-0","CAV"
"395-1","Car"
"395-2","Car"
"395-3","Car"
"396-0","CAV"
"396-1","Car"
"397-0","CAV"
"397-1","Car"
"397-2","Car"
"397-3","Car"
"398-0","CAV"
"398-1","Car"
"398-2","Car"
"398-3","Car"
"399-0","CAV"
"399-1","Car"
"400-0","CAV"
"400-1","Car"
"400-2","Car"
"400-3","Car"
"401-0","CAV"
"401-1","Car"
"401-2","Car"
"402-0","CAV"
"402-1","Car"
"402-2","Car"
"403-0","CAV"
"403-1","Car"
"403-2","Car"
"404-0","CAV"
"404-1","Car"
"404-2","Car"
"404-3","Car"
"405-0","CAV"
"405-1","Car"
"406-0","CAV"
"406-1","Car"
"406-2","Car"
"407-0","CAV"
"407-1","Car"
"407-2","Car"
"408-0","CAV"
"408-1","Car"
"408-2","Car"
"408-3","Car"
"409-0","CAV"
"409-1","Car"
"409-2","Car"
"410-0","CAV"
"410-1","Car"
"411-0","CAV"
"411-1","Car"
"412-0","CAV"
"412-1","Car"
"412-2","Car"
"412-3","Car"
"412-4","Car"
"413-0","CAV"
"413-1","Car"
"413-2","Car"
"414-0","CAV"
"414-1","Car"
"414-2","Car"
"415-0","CAV"
"415-1","Car"
"415-2","Car"
"415-3","Car"
"415-4","Car"
"416-0","CAV"
"416-1","Car"
"416-2","Car"
"417-0","CAV"
"417-1","Car"
"417-2","Car"
"418-0","CAV"
"418-1","Car"
"418-2","Car"
"419-0","CAV"
"419-1","Car"
"419-2","Car"
"419-3","Car"
"419-4","Car"
"420-0","CAV"
"420-1","Car"
"420-2","Car"
"420-3","Car"
"420-4","Car"
"421-0","CAV"
"421-1","Car"
"422-0","CAV"
"422-1","Car"
"422-2","Car"
"422-3","Car"
"422-4","Car"
"423-0","CAV"
"423-1","Car"
"423-2","Car"
"424-0","CAV"
"424-1","Car"
"425-0","CAV"
"425-1","Car"
"426-0","CAV"
"426-1","Car"
"426-2","Car"
"426-3","Car"
"427-0","CAV"
"427-1","Car"
"428-0","CAV"
"428-1","Car"
"428-2","Car"
"429-0","CAV"
"429-1","Car"
"430-0","CAV"
"430-1","Car"
"430-2","Car"
"430-3","Car"
"431-0","CAV"
"431-1","Car"
"431-2","Car"
"431-3","Car"
"431-4","Car"
"432-0","CAV"
"432-1","Car"
"433-0","CAV"
"433-1","Car"
"434-0","CAV"
"434-1","Car"
"435-0","CAV"
"435-1","Car"
"436-0","CAV"
"436-1","Car"
"437-0","CAV"
"437-1","Car"
"437-2","Car"
"437-3","Car"
"437-4","Car"
"438-0","CAV"
"438-1","Car"
"439-0","CAV"
"439-1","Car"
"439-2","Car"
"439-3","Car"
"440-0","CAV"
"440-1","Car"
"440-2","Car"
"440-3","Car"
"441-0","CAV"
"441-1","Car"
"442-0","CAV"
"442-1","Car"
"442-2","Car"
"443-0","CAV"
"443-1","Car"
"444-0","CAV"
"444-1","Car"
"444-2","Car"
"445-0","CAV"
"445-1","Car"
"445-2","Car"
"446-0","CAV"
"446-1","Car"
"447-0","CAV"
"447-1","Car"
"447-2","Car"
"448-0","CAV"
"448-1","Car"
"449-0","CAV"
"449-1","Car"
"449-2","Car"
"450-0","CAV"
"450-1","Car"
"450-2","Car"
"451-0","CAV"
"451-1","Car"
"451-2","Car"
"451-3","Car"
"452-0","CAV"
"452-1","Car"
"452-2","Car"
"453-0","CAV"
"453-1","Car"
"453-2","Car"
"454-0","CAV"
"454-1","Car"
"454-2","Car"
"455-0","CAV"
"455-1","Car"
"455-2","Car"
"455-3","Car"
"456-0","CAV"
"456-1","Car"
"456-2","Car"
"457-0","CAV"
"457-1","Car"
"458-0","CAV"
"458-1","Car"
"458-2","Car"
"458-3","Car"
"459-0","CAV"
"459-1","Car"
"459-2","Car"
"460-0","CAV"
"460-1","Car"
"461-0","CAV"
"461-1","Car"
"461-2","Car"
"461-3","Car"
"461-4","Car"
"462-0","CAV"
"462-1","Car"
"462-2","Car"
"463-0","CAV"
"463-1","Car"
"463-2","Car"
"464-0","CAV"
"464-1","Car"
"464-2","Car"
"464-3","Car"
"465-0","CAV"
"465-1","Car"
"465-2","Car"
"466-0","CAV"
"466-1","Car"
"466-2","Car"
"467-0","CAV"
"467-1","Car"
"467-2","Car"
"467-3","Car"
"467-4","Car"
"468-0","CAV"
"468-1","Car"
"469-0","CAV"
"469-1","Car"
"470-0","CAV"
"470-1","Car"
"470-2","Car"
"471-0","CAV"
"471-1","Car"
"472-0","CAV"
"472-1","Car"
"473-0","CAV"
"473-1","Car"
"474-0","CAV"
"474-1","Car"
"475-0","CAV"
"475-1","Car"
"476-0","CAV"
"476-1","Car"
"476-2","Car"
"477-0","CAV"
"477-1","Car"
"477-2","Car"
"478-0","CAV"
"478-1","Car"
"478-2","Car"
"478-3","Car"
"479-0","CAV"
"479-1","Car"
"479-2","Car"
"479-3","Car"
"479-4","Car"
"480-0","CAV"
"480-1","Car"
"480-2","Car"
"480-3","Car"
"480-4","Car"
"481-0","CAV"
"481-1","Car"
"482-0","CAV"
"482-1","Car"
"483-0","CAV"
"483-1","Car"
"483-2","Car"
"483-3","Car"
"484-0","CAV"
"484-1","Car"
"485-0","CAV"
"485-1","Car"
"485-2","Car"
"485-3","Car"
"486-0","CAV"
"486-1","Car"
"487-0","CAV"
"487-1","Car"
"488-0","CAV"
"488-1","Car"
"488-2","Car"
"488-3","Car"
"489-0","CAV"
"489-1","Car"
"489-2","Car"
"490-0","CAV"
"490-1","Car"
"490-2","Car"
"491-0","CAV"
"491-1","Car"
"492-0","CAV"
"492-1","Car"
"492-2","Car"
"492-3","Car"
"492-4","Car"
"493-0","CAV"
"493-1","Car"
"493-2","Car"
"494-0","CAV"
"494-1","Car"
"494-2","Car"
"495-0","CAV"
"495-1","Car"
"495-2","Car"
"496-0","CAV"
"496-1","Car"
"496-2","Car"
"497-0","CAV"
"497-1","Car"
"497-2","Car"
"497-3","Car"
"497-4","Car"
"498-0","CAV"
"498-1","Car"
"498-2","Car"
"498-3","Car"
"499-0","CAV"
"499-1","Car"
"499-2","Car"
"500-0","CAV"
"500-1","Car"
"501-0","CAV"
"501-1","Car"
"501-2","Car"
"502-0","CAV"
"502-1","Car"
"502-2","Car"
"502-3","Car"
"502-4","Car"
"503-0","CAV"
"503-1","Car"
"503-2","Car"
"503-3","Car"
"503-4","Car"
"504-0","CAV"
"504-1","Car"
"504-2","Car"
"505-0","CAV"
"505-1","Car"
"505-2","Car"
"505-3","Car"
"505-4","Car"
"506-0","CAV"
"506-1","Car"
"507-0","CAV"
"507-1","Car"
"507-2","Car"
"507-3","Car"
"507-4","Car"
"508-0","CAV"
"508-1","Car"
"508-2","Car"
"509-0","CAV"
"509-1","Car"
"510-0","CAV"
"510-1","Car"
"511-0","CAV"
"511-1","Car"
"511-2","Car"
"512-0","CAV"
"512-1","Car"
"512-2","Car"
"512-3","Car"
"513-0","CAV"
"513-1","Car"
"513-2","Car"
"513-3","Car"
"514-0","CAV"
"514-1","Car"
"515-0","CAV"
"515-1","Car"
"516-0","CAV"
"516-1","Car"
"516-2","Car"
"517-0","CAV"
"517-1","Car"
"518-0","CAV"
"518-1","Car"
"518-2","Car"
"519-0","CAV"
"519-1","Car"
"520-0","CAV"
"520-1","Car"
"520-2","Car"
"520-3","Car"
"520-4","Car"
"521-0","CAV"
"521-1","Car"
"522-0","CAV"
"522-1","Car"
"522-2","Car"
"523-0","CAV"
"523-1","Car"
"523-2","Car"
"523-3","Car"
"523-4","Car"
"524-0","CAV"
"524-1","Car"
"525-0","CAV"
"525-1","Car"
"526-0","CAV"
"526-1","Car"
"527-0","CAV"
"527-1","Car"
"527-2","Car"
"528-0","CAV"
"528-1","Car"
"529-0","CAV"
"529-1","Car"
"529-2","Car"
"529-3","Car"
"529-4","Car"
"530-0","CAV"
"530-1","Car"
"530-2","Car"
"530-3","Car"
"530-4","Car"
"531-0","CAV"
"531-1","Car"
"531-2","Car"
"531-3","Car"
"531-4","Car"
"532-0","CAV"
"532-1","Car"
"532-2","Car"
"533-0","CAV"
"533-1","Car"
"533-2","Car"
"533-3","Car"
"534-0","CAV"
"534-1","Car"
"534-2","Car"
"535-0","CAV"
"535-1","Car"
"536-0","CAV"
"536-1","Car"
"536-2","Car"
"537-0","CAV"
"537-1","Car"
"538-0","CAV"
"538-1","Car"
"539-0","CAV"
"539-1","Car"
"540-0","CAV"
"540-1","Car"
"540-2","Car"
"541-0","CAV"
"541-1","Car"
"541-2","Car"
"541-3","Car"
"542-0","CAV"
"542-1","Car"
"542-2","Car"
"543-0","CAV"
"543-1","Car"
"543-2","Car"
"543-3","Car"
"543-4","Car"
"544-0","CAV"
"544-1","Car"
"544-2","Car"
"544-3","Car"
"545-0","CAV"
"545-1","Car"
"545-2","Car"
"545-3","Car"
"546-0","CAV"
"546-1","Car"
"547-0","CAV"
"547-1","Car"
"547-2","Car"
"547-3","Car"
"548-0","CAV"
"548-1","Car"
"548-2","Car"
"548-3","Car"
"549-0","CAV"
"549-1","Car"
"549-2","Car"
"549-3","Car"
"550-0","CAV"
"550-1","Car"
"550-2","Car"
"551-0","CAV"
"551-1","Car"
"552-0","CAV"
"552-1","Car"
"552-2","Car"
"552-3","Car"
"552-4","Car"
"553-0","CAV"
"553-1","Car"
"553-2","Car"
"554-0","CAV"
"554-1","Car"
"555-0","CAV"
"555-1","Car"
"555-2","Car"
"555-3","Car"
"556-0","CAV"
"556-1","Car"
"556-2","Car"
"556-3","Car"
"557-0","CAV"
"557-1","Car"
"558-0","CAV"
"558-1","Car"
"558-2","Car"
"559-0","CAV"
"559-1","Car"
"559-2","Car"
"559-3","Car"
"559-4","Car"
"560-0","CAV"
"560-1","Car"
"560-2","Car"
"560-3","Car"
"561-0","CAV"
"561-1","Car"
"562-0","CAV"
"562-1","Car"
"562-2","Car"
"562-3","Car"
"563-0","CAV"
"563-1","Car"
"563-2","Car"
"563-3","Car"
"564-0","CAV"
"564-1","Car"
"565-0","CAV"
"565-1","Car"
"565-2","Car"
"565-3","Car"
"565-4","Car"
"566-0","CAV"
"566-1","Car"
"566-2","Car"
"567-0","CAV"
"567-1","Car"
"568-0","CAV"
"568-1","Car"
"569-0","CAV"
"569-1","Car"
"569-2","Car"
"569-3","Car"
"569-4","Car"
"570-0","CAV"
"570-1","Car"
"570-2","Car"
"570-3","Car"
"571-0","CAV"
"571-1","Car"
"571-2","Car"
"572-0","CAV"
"572-1","Car"
"573-0","CAV"
"573-1","Car"
"574-0","CAV"
"574-1","Car"
"575-0","CAV"
"575-1","Car"
"575-2","Car"
"576-0","CAV"
"576-1","Car"
"576-2","Car"
"576-3","Car"
"576-4","Car"
"577-0","CAV"
"577-1","Car"
"578-0","CAV"
"578-1","Car"
"578-2","Car"
"579-0","CAV"
"579-1","Car"
"579-2","Car"
"579-3","Car"
"579-4","Car"
"580-0","CAV"
"580-1","Car"
"581-0","CAV"
"581-1","Car"
"581-2","Car"
"582-0","CAV"
"582-1","Car"
"582-2","Car"
"583-0","CAV"
"583-1","Car"
"583-2","Car"
"583-3","Car"
"584-0","CAV"
"584-1","Car"
"584-2","Car"
"585-0","CAV"
"585-1","Car"
"585-2","Car"
"585-3","Car"
"585-4","Car"
"586-0","CAV"
"586-1","Car"
"586-2","Car"
"587-0","CAV"
"587-1","Car"
"588-0","CAV"
"588-1","Car"
"588-2","Car"
"589-0","CAV"
"589-1","Car"
"590-0","CAV"
"590-1","Car"
"590-2","Car"
"590-3","Car"
"590-4","Car"
"591-0","CAV"
"591-1","Car"
"592-0","CAV"
"592-1","Car"
"592-2","Car"
"593-0","CAV"
"593-1","Car"
"594-0","CAV"
"594-1","Car"
"594-2","Car"
"595-0","CAV"
"595-1","Car"
"595-2","Car"
"596-0","CAV"
"596-1","Car"
"597-0","CAV"
"597-1","Car"
"597-2","Car"
"598-0","CAV"
"598-1","Car"
"598-2","Car"
"599-0","CAV"
"599-1","Car"
"599-2","Car"
"600-0","CAV"
"600-1","Car"
"600-2","Car"
"601-0","CAV"
"601-1","Car"
"602-0","CAV"
"602-1","Car"
"603-0","CAV"
"603-1","Car"
"603-2","Car"
"603-3","Car"
"603-4","Car"
"604-0","CAV"
"604-1","Car"
"604-2","Car"
"604-3","Car"
"604-4","Car"
"605-0","CAV"
"605-1","Car"
"605-2","Car"
"606-0","CAV"
"606-1","Car"
"606-2","Car"
"606-3","Car"
"607-0","CAV"
"607-1","Car"
"608-0","CAV"
"608-1","Car"
"609-0","CAV"
"609-1","Car"
"609-2","Car"
"610-0","CAV"
"610-1","Car"
"611-0","CAV"
"611-1","Car"
"611-2","Car"
"611-3","Car"
"611-4","Car"
"612-0","CAV"
"612-1","Car"
"612-2","Car"
"612-3","Car"
"613-0","CAV"
"613-1","Car"
"613-2","Car"
"614-0","CAV"
"614-1","Car"
"614-2","Car"
"614-3","Car"
"614-4","Car"
"615-0","CAV"
"615-1","Car"
"615-2","Car"
"616-0","CAV"
"616-1","Car"
"616-2","Car"
"617-0","CAV"
"617-1","Car"
"618-0","CAV"
"618-1","Car"
"619-0","CAV"
"619-1","Car"
"619-2","Car"
"619-3","Car"
"620-0","CAV"
"620-1","Car"
"620-2","Car"
"620-3","Car"
"620-4","Car"
"621-0","CAV"
"621-1","Car"
"622-0","CAV"
"622-1","Car"
"623-0","CAV"
"623-1","Car"
"623-2","Car"
"623-3","Car"
"623-4","Car"
"624-0","CAV"
"624-1","Car"
"625-0","CAV"
"625-1","Car"
"626-0","CAV"
"626-1","Car"
"626-2","Car"
"627-0","CAV"
"627-1","Car"
"627-2","Car"
"627-3","Car"
"627-4","Car"
"628-0","CAV"
"628-1","Car"
"628-2","Car"
"629-0","CAV"
"629-1","Car"
"630-0","CAV"
"630-1","Car"
"630-2","Car"
"631-0","CAV"
"631-1","Car"
"631-2","Car"
"632-0","CAV"
"632-1","Car"
"632-2","Car"
"633-0","CAV"
"633-1","Car"
"633-2","Car"
"633-3","Car"
"634-0","CAV"
"634-1","Car"
"634-2","Car"
"634-3","Car"
"634-4","Car"
"635-0","CAV"
"635-1","Car"
"635-2","Car"
"636-0","CAV"
"636-1","Car"
"636-2","Car"
"636-3","Car"
"637-0","CAV"
"637-1","Car"
"637-2","Car"
"638-0","CAV"
"638-1","Car"
"638-2","Car"
"639-0","CAV"
"639-1","Car"
"639-2","Car"
"640-0","CAV"
"640-1","Car"
"640-2","Car"
"640-3","Car"
"641-0","CAV"
"641-1","Car"
"641-2","Car"
"642-0","CAV"
"642-1","Car"
"643-0","CAV"
"643-1","Car"
"644-0","CAV"
"644-1","Car"
"644-2","Car"
"645-0","CAV"
"645-1","Car"
"645-2","Car"
"645-3","Car"
"645-4","Car"
"646-0","CAV"
"646-1","Car"
"646-2","Car"
"647-0","CAV"
"647-1","Car"
"648-0","CAV"
"648-1","Car"
"648-2","Car"
"648-3","Car"
"649-0","CAV"
"649-1","Car"
"649-2","Car"
"649-3","Car"
"649-4","Car"
"650-0","CAV"
"650-1","Car"
"650-2","Car"
"650-3","Car"
"650-4","Car"
"651-0","CAV"
"651-1","Car"
"651-2","Car"
"652-0","CAV"
"652-1","Car"
"652-2","Car"
"652-3","Car"
"652-4","Car"
"653-0","CAV"
"653-1","Car"
"653-2","Car"
"653-3","Car"
"654-0","CAV"
"654-1","Car"
"654-2","Car"
"655-0","CAV"
"655-1","Car"
"656-0","CAV"
"656-1","Car"
"656-2","Car"
"657-0","CAV"
"657-1","Car"
"658-0","CAV"
"658-1","Car"
"658-2","Car"
"658-3","Car"
"658-4","Car"
"659-0","CAV"
"659-1","Car"
"660-0","CAV"
"660-1","Car"
"660-2","Car"
"661-0","CAV"
"661-1","Car"
"661-2","Car"
"662-0","CAV"
"662-1","Car"
"662-2","Car"
"662-3","Car"
"662-4","Car"
"663-0","CAV"
"663-1","Car"
"663-2","Car"
"664-0","CAV"
"664-1","Car"
"664-2","Car"
"664-3","Car"
"664-4","Car"
"665-0","CAV"
"665-1","Car"
"666-0","CAV"
"666-1","Car"
"666-2","Car"
"667-0","CAV"
"667-1","Car"
"667-2","Car"
"667-3","Car"
"667-4","Car"
"668-0","CAV"
"668-1","Car"
"669-0","CAV"
"669-1","Car"
"670-0","CAV"
"670-1","Car"
"670-2","Car"
"670-3","Car"
"670-4","Car"
"671-0","CAV"
"671-1","Car"
"671-2","Car"
"671-3","Car"
"671-4","Car"
"672-0","CAV"
"672-1","Car"
"673-0","CAV"
"673-1","Car"
"673-2","Car"
"674-0","CAV"
"674-1","Car"
"675-0","CAV"
"675-1","Car"
"676-0","CAV"
"676-1","Car"
"676-2","Car"
"677-0","CAV"
"677-1","Car"
"677-2","Car"
"677-3","Car"
"677-4","Car"
"678-0","CAV"
"678-1","Car"
"679-0","CAV"
"679-1","Car"
"679-2","Car"
"679-3","Car"
"680-0","CAV"
"680-1","Car"
"680-2","Car"
"681-0","CAV"
"681-1","Car"
"681-2","Car"
"681-3","Car"
"681-4","Car"
"682-0","CAV"
"682-1","Car"
"683-0","CAV"
"683-1","Car"
"684-0","CAV"
"684-1","Car"
"684-2","Car"
"684-3","Car"
"684-4","Car"
"685-0","CAV"
"685-1","Car"
"686-0","CAV"
"686-1","Car"
"686-2","Car"
"686-3","Car"
"686-4","Car"
"687-0","CAV"
"687-1","Car"
"687-2","Car"
"688-0","CAV"
"688-1","Car"
"689-0","CAV"
"689-1","Car"
"690-0","CAV"
"690-1","Car"
"691-0","CAV"
"691-1","Car"
"691-2","Car"
"691-3","Car"
"692-0","CAV"
"692-1","Car"
"693-0","CAV"
"693-1","Car"
"693-2","Car"
"694-0","CAV"
"694-1","Car"
"695-0","CAV"
"695-1","Car"
"695-2","Car"
"695-3","Car"
"696-0","CAV"
"696-1","Car"
"696-2","Car"
"696-3","Car"
"696-4","Car"
"697-0","CAV"
"697-1","Car"
"697-2","Car"
"697-3","Car"
"698-0","CAV"
"698-1","Car"
"698-2","Car"
"699-0","CAV"
"699-1","Car"
"700-0","CAV"
"700-1","Car"
"701-0","CAV"
"701-1","Car"
"702-0","CAV"
"702-1","Car"
"702-2","Car"
"703-0","CAV"
"703-1","Car"
"703-2","Car"
"704-0","CAV"
"704-1","Car"
"705-0","CAV"
"705-1","Car"
"705-2","Car"
"705-3","Car"
"705-4","Car"
"706-0","CAV"
"706-1","Car"
"706-2","Car"
"706-3","Car"
"706-4","Car"
"707-0","CAV"
"707-1","Car"
"707-2","Car"
"708-0","CAV"
"708-1","Car"
"709-0","CAV"
"709-1","Car"
"709-2","Car"
"710-0","CAV"
"710-1","Car"
"711-0","CAV"
"711-1","Car"
"711-2","Car"
"711-3","Car"
"712-0","CAV"
"712-1","Car"
"713-0","CAV"
"713-1","Car"
"714-0","CAV"
"714-1","Car"
"715-0","CAV"
"715-1","Car"
"715-2","Car"
"715-3","Car"
"715-4","Car"
"716-0","CAV"
"716-1","Car"
"716-2","Car"
"717-0","CAV"
"717-1","Car"
"717-2","Car"
"718-0","CAV"
"718-1","Car"
"718-2","Car"
"719-0","CAV"
"719-1","Car"
"719-2","Car"
"720-0","CAV"
"720-1","Car"
"720-2","Car"
"721-0","CAV"
"721-1","Car"
"721-2","Car"
"722-0","CAV"
"722-1","Car"
"722-2","Car"
"722-3","Car"
"722-4","Car"
"723-0","CAV"
"723-1","Car"
"723-2","Car"
"723-3","Car"
"724-0","CAV"
"724-1","Car"
"724-2","Car"
"725-0","CAV"
"725-1","Car"
"726-0","CAV"
"726-1","Car"
"726-2","Car"
"726-3","Car"
"726-4","Car"
"727-0","CAV"
"727-1","Car"
"727-2","Car"
"728-0","CAV"
"728-1","Car"
"728-2","Car"
"728-3","Car"
"729-0","CAV"
"729-1","Car"
"729-2","Car"
"730-0","CAV"
"730-1","Car"
"730-2","Car"
"731-0","CAV"
"731-1","Car"
"732-0","CAV"
"732-1","Car"
"732-2","Car"
"733-0","CAV"
"733-1","Car"
"734-0","CAV"
"734-1","Car"
"734-2","Car"
"734-3","Car"
"734-4","Car"
"735-0","CAV"
"735-1","Car"
"735-2","Car"
"735-3","Car"
"736-0","CAV"
"736-1","Car"
"736-2","Car"
"737-0","CAV"
"737-1","Car"
"737-2","Car"
"738-0","CAV"
"738-1","Car"
"738-2","Car"
"738-3","Car"
"738-4","Car"
"739-0","CAV"
"739-1","Car"
"739-2","Car"
"740-0","CAV"
"740-1","Car"
"741-0","CAV"
"741-1","Car"
"741-2","Car"
"742-0","CAV"
"742-1","Car"
"742-2","Car"
"743-0","CAV"
"743-1","Car"
"743-2","Car"
"743-3","Car"
"743-4","Car"
"744-0","CAV"
"744-1","Car"
"745-0","CAV"
"745-1","Car"
"745-2","Car"
"746-0","CAV"
"746-1","Car"
"746-2","Car"
"747-0","CAV"
"747-1","Car"
"747-2","Car"
"748-0","CAV"
"748-1","Car"
"748-2","Car"
"749-0","CAV"
"749-1","Car"
"749-2","Car"
"749-3","Car"
"749-4","Car"
"750-0","CAV"
"750-1","Car"
"750-2","Car"
"751-0","CAV"
"751-1","Car"
"751-2","Car"
"752-0","CAV"
"752-1","Car"
"752-2","Car"
"753-0","CAV"
"753-1","Car"
"753-2","Car"
"753-3","Car"
"753-4","Car"
"754-0","CAV"
"754-1","Car"
"755-0","CAV"
"755-1","Car"
"755-2","Car"
"755-3","Car"
"755-4","Car"
"756-0","CAV"
"756-1","Car"
"756-2","Car"
"757-0","CAV"
"757-1","Car"
"757-2","Car"
"758-0","CAV"
"758-1","Car"
"758-2","Car"
"758-3","Car"
"759-0","CAV"
"759-1","Car"
"760-0","CAV"
"760-1","Car"
"761-0","CAV"
"761-1","Car"
"761-2","Car"
"761-3","Car"
"762-0","CAV"
"762-1","Car"
"762-2","Car"
"763-0","CAV"
"763-1","Car"
"763-2","Car"
"764-0","CAV"
"764-1","Car"
"764-2","Car"
"765-0","CAV"
"765-1","Car"
"766-0","CAV"
"766-1","Car"
"766-2","Car"
"767-0","CAV"
"767-1","Car"
"767-2","Car"
"768-0","CAV"
"768-1","Car"
"769-0","CAV"
"769-1","Car"
"770-0","CAV"
"770-1","Car"
"770-2","Car"
"770-3","Car"
"771-0","CAV"
"771-1","Car"
"771-2","Car"
"772-0","CAV"
"772-1","Car"
"772-2","Car"
"773-0","CAV"
"773-1","Car"
"773-2","Car"
"774-0","CAV"
"774-1","Car"
"774-2","Car"
"775-0","CAV"
"775-1","Car"
"775-2","Car"
"775-3","Car"
"775-4","Car"
"776-0","CAV"
"776-1","Car"
"776-2","Car"
"776-3","Car"
"777-0","CAV"
"777-1","Car"
"777-2","Car"
"778-0","CAV"
"778-1","Car"
"778-2","Car"
"778-3","Car"
"778-4","Car"
"779-0","CAV"
"779-1","Car"
"779-2","Car"
"779-3","Car"
"779-4","Car"
"780-0","CAV"
"780-1","Car"
"781-0","CAV"
"781-1","Car"
"782-0","CAV"
"782-1","Car"
"782-2","Car"
"783-0","CAV"
"783-1","Car"
"783-2","Car"
"783-3","Car"
"783-4","Car"
"784-0","CAV"
"784-1","Car"
"785-0","CAV"
"785-1","Car"
"786-0","CAV"
"786-1","Car"
"786-2","Car"
"786-3","Car"
"786-4","Car"
"787-0","CAV"
"787-1","Car"
"787-2","Car"
"788-0","CAV"
"788-1","Car"
"788-2","Car"
"788-3","Car"
"788-4","Car"
"789-0","CAV"
"789-1","Car"
"789-2","Car"
"789-3","Car"
"789-4","Car"
"790-0","CAV"
"790-1","Car"
"790-2","Car"
"791-0","CAV"
"791-1","Car"
"791-2","Car"
"791-3","Car"
"792-0","CAV"
"792-1","Car"
"793-0","CAV"
"793-1","Car"
"793-2","Car"
"793-3","Car"
"793-4","Car"
"794-0","CAV"
"794-1","Car"
"794-2","Car"
"794-3","Car"
"794-4","Car"
"795-0","CAV"
"795-1","Car"
"796-0","CAV"
"796-1","Car"
"797-0","CAV"
"797-1","Car"
"797-2","Car"
"797-3","Car"
"797-4","Car"
"798-0","CAV"
"798-1","Car"
"798-2","Car"
"799-0","CAV"
"799-1","Car"
"799-2","Car"
"799-3","Car"
"800-0","CAV"
"800-1","Car"
"800-2","Car"
"801-0","CAV"
"801-1","Car"
"801-2","Car"
"801-3","Car"
"801-4","Car"
"802-0","CAV"
"802-1","Car"
"803-0","CAV"
"803-1","Car"
"803-2","Car"
"804-0","CAV"
"804-1","Car"
"804-2","Car"
"805-0","CAV"
"805-1","Car"
"805-2","Car"
"805-3","Car"
"806-0","CAV"
"806-1","Car"
"806-2","Car"
"807-0","CAV"
"807-1","Car"
"807-2","Car"
"808-0","CAV"
"808-1","Car"
"808-2","Car"
"809-0","CAV"
"809-1","Car"
"809-2","Car"
"810-0","CAV"
"810-1","Car"
"810-2","Car"
"811-0","CAV"
"811-1","Car"
"811-2","Car"
"812-0","CAV"
"812-1","Car"
"812-2","Car"
"812-3","Car"
"813-0","CAV"
"813-1","Car"
"813-2","Car"
"814-0","CAV"
"814-1","Car"
"814-2","Car"
"815-0","CAV"
"815-1","Car"
"815-2","Car"
"815-3","Car"
"815-4","Car"
"816-0","CAV"
"816-1","Car"
"817-0","CAV"
"817-1","Car"
"817-2","Car"
"818-0","CAV"
"818-1","Car"
"818-2","Car"
"818-3","Car"
"819-0","CAV"
"819-1","Car"
"820-0","CAV"
"820-1","Car"
"821-0","CAV"
"821-1","Car"
"821-2","Car"
"821-3","Car"
"822-0","CAV"
"822-1","Car"
"822-2","Car"
"822-3","Car"
"823-0","CAV"
"823-1","Car"
"824-0","CAV"
"824-1","Car"
"824-2","Car"
"825-0","CAV"
"825-1","Car"
"825-2","Car"
"825-3","Car"
"826-0","CAV"
"826-1","Car"
"826-2","Car"
"826-3","Car"
"826-4","Car"
"827-0","CAV"
"827-1","Car"
"827-2","Car"
"828-0","CAV"
"828-1","Car"
"828-2","Car"
"828-3","Car"
"828-4","Car"
"829-0","CAV"
"829-1","Car"
"829-2","Car"
"829-3","Car"
"830-0","CAV"
"830-1","Car"
"831-0","CAV"
"831-1","Car"
"832-0","CAV"
"832-1","Car"
"832-2","Car"
"832-3","Car"
"833-0","CAV"
"833-1","Car"
"833-2","Car"
"833-3","Car"
"834-0","CAV"
"834-1","Car"
"835-0","CAV"
"835-1","Car"
"835-2","Car"
"836-0","CAV"
"836-1","Car"
"836-2","Car"
"837-0","CAV"
"837-1","Car"
"837-2","Car"
"837-3","Car"
"837-4","Car"
"838-0","CAV"
"838-1","Car"
"838-2","Car"
"838-3","Car"
"838-4","Car"
"839-0","CAV"
"839-1","Car"
"840-0","CAV"
"840-1","Car"
"840-2","Car"
"841-0","CAV"
"841-1","Car"
"842-0","CAV"
"842-1","Car"
"843-0","CAV"
"843-1","Car"
"844-0","CAV"
"844-1","Car"
"844-2","Car"
"845-0","CAV"
"845-1","Car"
"845-2","Car"
"846-0","CAV"
"846-1","Car"
"846-2","Car"
"846-3","Car"
"847-0","CAV"
"847-1","Car"
"847-2","Car"
"848-0","CAV"
"848-1","Car"
"848-2","Car"
"848-3","Car"
"848-4","Car"
"849-0","CAV"
"849-1","Car"
"849-2","Car"
"850-0","CAV"
"850-1","Car"
"850-2","Car"
"850-3","Car"
"851-0","CAV"
"851-1","Car"
"852-0","CAV"
"852-1","Car"
"853-0","CAV"
"853-1","Car"
"854-0","CAV"
"854-1","Car"
"854-2","Car"
"854-3","Car"
"855-0","CAV"
"855-1","Car"
"855-2","Car"
"856-0","CAV"
"856-1","Car"
"856-2","Car"
"856-3","Car"
"856-4","Car"
"857-0","CAV"
"857-1","Car"
"857-2","Car"
"858-0","CAV"
"858-1","Car"
"859-0","CAV"
"859-1","Car"
"859-2","Car"
"860-0","CAV"
"860-1","Car"
"861-0","CAV"
"861-1","Car"
"861-2","Car"
"861-3","Car"
"861-4","Car"
"862-0","CAV"
"862-1","Car"
"863-0","CAV"
"863-1","Car"
"864-0","CAV"
"864-1","Car"
"864-2","Car"
"864-3","Car"
"865-0","CAV"
"865-1","Car"
"865-2","Car"
"866-0","CAV"
"866-1","Car"
"867-0","CAV"
"867-1","Car"
"867-2","Car"
"868-0","CAV"
"868-1","Car"
"868-2","Car"
"868-3","Car"
"869-0","CAV"
"869-1","Car"
"869-2","Car"
"870-0","CAV"
"870-1","Car"
"871-0","CAV"
"871-1","Car"
"871-2","Car"
"872-0","CAV"
"872-1","Car"
"873-0","CAV"
"873-1","Car"
"873-2","Car"
"874-0","CAV"
"874-1","Car"
"874-2","Car"
"875-0","CAV"
"875-1","Car"
"875-2","Car"
