vehicleId,vehicleTypeId
1-0,CAR-TYPE-DEFAULT
1-1,CAR-TYPE-DEFAULT
1-2,CAR-TYPE-DEFAULT
2-0,CAR-TYPE-DEFAULT
2-1,CAR-TYPE-DEFAULT
2-2,CAR-TYPE-DEFAULT
2-3,CAR-TYPE-DEFAULT
2-4,CAR-TYPE-DEFAULT
3-0,CAR-TYPE-DEFAULT
3-1,CAR-TYPE-DEFAULT
4-0,CAR-TYPE-DEFAULT
4-1,CAR-TYPE-DEFAULT
4-2,CAR-TYPE-DEFAULT
4-3,CAR-TYPE-DEFAULT
5-0,CAR-TYPE-DEFAULT
5-1,CAR-TYPE-DEFAULT
5-2,CAR-TYPE-DEFAULT
6-0,CAR-TYPE-DEFAULT
6-1,CAR-TYPE-DEFAULT
7-0,CAR-TYPE-DEFAULT
7-1,CAR-TYPE-DEFAULT
7-2,CAR-TYPE-DEFAULT
7-3,CAR-TYPE-DEFAULT
7-4,CAR-TYPE-DEFAULT
8-0,CAR-TYPE-DEFAULT
8-1,CAR-TYPE-DEFAULT
8-2,CAR-TYPE-DEFAULT
9-0,CAR-TYPE-DEFAULT
9-1,CAR-TYPE-DEFAULT
9-2,CAR-TYPE-DEFAULT
9-3,CAR-TYPE-DEFAULT
9-4,CAR-TYPE-DEFAULT
10-0,CAR-TYPE-DEFAULT
10-1,CAR-TYPE-DEFAULT
10-2,CAR-TYPE-DEFAULT
10-3,CAR-TYPE-DEFAULT
10-4,CAR-TYPE-DEFAULT
11-0,CAR-TYPE-DEFAULT
11-1,CAR-TYPE-DEFAULT
11-2,CAR-TYPE-DEFAULT
12-0,CAR-TYPE-DEFAULT
12-1,CAR-TYPE-DEFAULT
12-2,CAR-TYPE-DEFAULT
12-3,CAR-TYPE-DEFAULT
13-0,CAR-TYPE-DEFAULT
13-1,CAR-TYPE-DEFAULT
13-2,CAR-TYPE-DEFAULT
14-0,CAR-TYPE-DEFAULT
14-1,CAR-TYPE-DEFAULT
15-0,CAR-TYPE-DEFAULT
15-1,CAR-TYPE-DEFAULT
16-0,CAR-TYPE-DEFAULT
16-1,CAR-TYPE-DEFAULT
16-2,CAR-TYPE-DEFAULT
16-3,CAR-TYPE-DEFAULT
17-0,CAR-TYPE-DEFAULT
17-1,CAR-TYPE-DEFAULT
17-2,CAR-TYPE-DEFAULT
18-0,CAR-TYPE-DEFAULT
18-1,CAR-TYPE-DEFAULT
19-0,CAR-TYPE-DEFAULT
19-1,CAR-TYPE-DEFAULT
19-2,CAR-TYPE-DEFAULT
19-3,CAR-TYPE-DEFAULT
20-0,CAR-TYPE-DEFAULT
20-1,CAR-TYPE-DEFAULT
20-2,CAR-TYPE-DEFAULT
20-3,CAR-TYPE-DEFAULT
20-4,CAR-TYPE-DEFAULT
21-0,CAR-TYPE-DEFAULT
21-1,CAR-TYPE-DEFAULT
21-2,CAR-TYPE-DEFAULT
21-3,CAR-TYPE-DEFAULT
22-0,CAR-TYPE-DEFAULT
22-1,CAR-TYPE-DEFAULT
22-2,CAR-TYPE-DEFAULT
23-0,CAR-TYPE-DEFAULT
23-1,CAR-TYPE-DEFAULT
23-2,CAR-TYPE-DEFAULT
24-0,CAR-TYPE-DEFAULT
24-1,CAR-TYPE-DEFAULT
25-0,CAR-TYPE-DEFAULT
25-1,CAR-TYPE-DEFAULT
25-2,CAR-TYPE-DEFAULT
25-3,CAR-TYPE-DEFAULT
25-4,CAR-TYPE-DEFAULT
26-0,CAR-TYPE-DEFAULT
26-1,CAR-TYPE-DEFAULT
27-0,CAR-TYPE-DEFAULT
27-1,CAR-TYPE-DEFAULT
28-0,CAR-TYPE-DEFAULT
28-1,CAR-TYPE-DEFAULT
28-2,CAR-TYPE-DEFAULT
29-0,CAR-TYPE-DEFAULT
29-1,CAR-TYPE-DEFAULT
29-2,CAR-TYPE-DEFAULT
29-3,CAR-TYPE-DEFAULT
29-4,CAR-TYPE-DEFAULT
30-0,CAR-TYPE-DEFAULT
30-1,CAR-TYPE-DEFAULT
30-2,CAR-TYPE-DEFAULT
31-0,CAR-TYPE-DEFAULT
31-1,CAR-TYPE-DEFAULT
31-2,CAR-TYPE-DEFAULT
32-0,CAR-TYPE-DEFAULT
32-1,CAR-TYPE-DEFAULT
32-2,CAR-TYPE-DEFAULT
32-3,CAR-TYPE-DEFAULT
33-0,CAR-TYPE-DEFAULT
33-1,CAR-TYPE-DEFAULT
34-0,CAR-TYPE-DEFAULT
34-1,CAR-TYPE-DEFAULT
34-2,CAR-TYPE-DEFAULT
35-0,CAR-TYPE-DEFAULT
35-1,CAR-TYPE-DEFAULT
36-0,CAR-TYPE-DEFAULT
36-1,CAR-TYPE-DEFAULT
36-2,CAR-TYPE-DEFAULT
36-3,CAR-TYPE-DEFAULT
36-4,CAR-TYPE-DEFAULT
37-0,CAR-TYPE-DEFAULT
37-1,CAR-TYPE-DEFAULT
37-2,CAR-TYPE-DEFAULT
37-3,CAR-TYPE-DEFAULT
38-0,CAR-TYPE-DEFAULT
38-1,CAR-TYPE-DEFAULT
39-0,CAR-TYPE-DEFAULT
39-1,CAR-TYPE-DEFAULT
39-2,CAR-TYPE-DEFAULT
39-3,CAR-TYPE-DEFAULT
40-0,CAR-TYPE-DEFAULT
40-1,CAR-TYPE-DEFAULT
40-2,CAR-TYPE-DEFAULT
40-3,CAR-TYPE-DEFAULT
40-4,CAR-TYPE-DEFAULT
41-0,CAR-TYPE-DEFAULT
41-1,CAR-TYPE-DEFAULT
41-2,CAR-TYPE-DEFAULT
41-3,CAR-TYPE-DEFAULT
41-4,CAR-TYPE-DEFAULT
42-0,CAR-TYPE-DEFAULT
42-1,CAR-TYPE-DEFAULT
43-0,CAR-TYPE-DEFAULT
43-1,CAR-TYPE-DEFAULT
43-2,CAR-TYPE-DEFAULT
43-3,CAR-TYPE-DEFAULT
44-0,CAR-TYPE-DEFAULT
44-1,CAR-TYPE-DEFAULT
44-2,CAR-TYPE-DEFAULT
44-3,CAR-TYPE-DEFAULT
44-4,CAR-TYPE-DEFAULT
45-0,CAR-TYPE-DEFAULT
45-1,CAR-TYPE-DEFAULT
45-2,CAR-TYPE-DEFAULT
45-3,CAR-TYPE-DEFAULT
45-4,CAR-TYPE-DEFAULT
46-0,CAR-TYPE-DEFAULT
46-1,CAR-TYPE-DEFAULT
47-0,CAR-TYPE-DEFAULT
47-1,CAR-TYPE-DEFAULT
47-2,CAR-TYPE-DEFAULT
47-3,CAR-TYPE-DEFAULT
48-0,CAR-TYPE-DEFAULT
48-1,CAR-TYPE-DEFAULT
48-2,CAR-TYPE-DEFAULT
49-0,CAR-TYPE-DEFAULT
49-1,CAR-TYPE-DEFAULT
49-2,CAR-TYPE-DEFAULT
49-3,CAR-TYPE-DEFAULT
50-0,CAR-TYPE-DEFAULT
50-1,CAR-TYPE-DEFAULT
50-2,CAR-TYPE-DEFAULT
50-3,CAR-TYPE-DEFAULT
50-4,CAR-TYPE-DEFAULT
51-0,CAR-TYPE-DEFAULT
51-1,CAR-TYPE-DEFAULT
51-2,CAR-TYPE-DEFAULT
51-3,CAR-TYPE-DEFAULT
52-0,CAR-TYPE-DEFAULT
52-1,CAR-TYPE-DEFAULT
53-0,CAR-TYPE-DEFAULT
53-1,CAR-TYPE-DEFAULT
54-0,CAR-TYPE-DEFAULT
54-1,CAR-TYPE-DEFAULT
55-0,CAR-TYPE-DEFAULT
55-1,CAR-TYPE-DEFAULT
56-0,CAR-TYPE-DEFAULT
56-1,CAR-TYPE-DEFAULT
56-2,CAR-TYPE-DEFAULT
57-0,CAR-TYPE-DEFAULT
57-1,CAR-TYPE-DEFAULT
57-2,CAR-TYPE-DEFAULT
57-3,CAR-TYPE-DEFAULT
57-4,CAR-TYPE-DEFAULT
58-0,CAR-TYPE-DEFAULT
58-1,CAR-TYPE-DEFAULT
58-2,CAR-TYPE-DEFAULT
59-0,CAR-TYPE-DEFAULT
59-1,CAR-TYPE-DEFAULT
59-2,CAR-TYPE-DEFAULT
59-3,CAR-TYPE-DEFAULT
60-0,CAR-TYPE-DEFAULT
60-1,CAR-TYPE-DEFAULT
60-2,CAR-TYPE-DEFAULT
60-3,CAR-TYPE-DEFAULT
60-4,CAR-TYPE-DEFAULT
61-0,CAR-TYPE-DEFAULT
61-1,CAR-TYPE-DEFAULT
61-2,CAR-TYPE-DEFAULT
62-0,CAR-TYPE-DEFAULT
62-1,CAR-TYPE-DEFAULT
62-2,CAR-TYPE-DEFAULT
62-3,CAR-TYPE-DEFAULT
62-4,CAR-TYPE-DEFAULT
63-0,CAR-TYPE-DEFAULT
63-1,CAR-TYPE-DEFAULT
63-2,CAR-TYPE-DEFAULT
64-0,CAR-TYPE-DEFAULT
64-1,CAR-TYPE-DEFAULT
64-2,CAR-TYPE-DEFAULT
64-3,CAR-TYPE-DEFAULT
64-4,CAR-TYPE-DEFAULT
65-0,CAR-TYPE-DEFAULT
65-1,CAR-TYPE-DEFAULT
65-2,CAR-TYPE-DEFAULT
66-0,CAR-TYPE-DEFAULT
66-1,CAR-TYPE-DEFAULT
66-2,CAR-TYPE-DEFAULT
67-0,CAR-TYPE-DEFAULT
67-1,CAR-TYPE-DEFAULT
67-2,CAR-TYPE-DEFAULT
68-0,CAR-TYPE-DEFAULT
68-1,CAR-TYPE-DEFAULT
68-2,CAR-TYPE-DEFAULT
69-0,CAR-TYPE-DEFAULT
69-1,CAR-TYPE-DEFAULT
69-2,CAR-TYPE-DEFAULT
70-0,CAR-TYPE-DEFAULT
70-1,CAR-TYPE-DEFAULT
70-2,CAR-TYPE-DEFAULT
70-3,CAR-TYPE-DEFAULT
71-0,CAR-TYPE-DEFAULT
71-1,CAR-TYPE-DEFAULT
71-2,CAR-TYPE-DEFAULT
71-3,CAR-TYPE-DEFAULT
72-0,CAR-TYPE-DEFAULT
72-1,CAR-TYPE-DEFAULT
73-0,CAR-TYPE-DEFAULT
73-1,CAR-TYPE-DEFAULT
74-0,CAR-TYPE-DEFAULT
74-1,CAR-TYPE-DEFAULT
74-2,CAR-TYPE-DEFAULT
74-3,CAR-TYPE-DEFAULT
74-4,CAR-TYPE-DEFAULT
75-0,CAR-TYPE-DEFAULT
75-1,CAR-TYPE-DEFAULT
75-2,CAR-TYPE-DEFAULT
75-3,CAR-TYPE-DEFAULT
76-0,CAR-TYPE-DEFAULT
76-1,CAR-TYPE-DEFAULT
77-0,CAR-TYPE-DEFAULT
77-1,CAR-TYPE-DEFAULT
77-2,CAR-TYPE-DEFAULT
78-0,CAR-TYPE-DEFAULT
78-1,CAR-TYPE-DEFAULT
79-0,CAR-TYPE-DEFAULT
79-1,CAR-TYPE-DEFAULT
79-2,CAR-TYPE-DEFAULT
80-0,CAR-TYPE-DEFAULT
80-1,CAR-TYPE-DEFAULT
80-2,CAR-TYPE-DEFAULT
80-3,CAR-TYPE-DEFAULT
81-0,CAR-TYPE-DEFAULT
81-1,CAR-TYPE-DEFAULT
81-2,CAR-TYPE-DEFAULT
81-3,CAR-TYPE-DEFAULT
81-4,CAR-TYPE-DEFAULT
82-0,CAR-TYPE-DEFAULT
82-1,CAR-TYPE-DEFAULT
82-2,CAR-TYPE-DEFAULT
82-3,CAR-TYPE-DEFAULT
82-4,CAR-TYPE-DEFAULT
83-0,CAR-TYPE-DEFAULT
83-1,CAR-TYPE-DEFAULT
83-2,CAR-TYPE-DEFAULT
84-0,CAR-TYPE-DEFAULT
84-1,CAR-TYPE-DEFAULT
85-0,CAR-TYPE-DEFAULT
85-1,CAR-TYPE-DEFAULT
85-2,CAR-TYPE-DEFAULT
86-0,CAR-TYPE-DEFAULT
86-1,CAR-TYPE-DEFAULT
86-2,CAR-TYPE-DEFAULT
86-3,CAR-TYPE-DEFAULT
87-0,CAR-TYPE-DEFAULT
87-1,CAR-TYPE-DEFAULT
87-2,CAR-TYPE-DEFAULT
87-3,CAR-TYPE-DEFAULT
87-4,CAR-TYPE-DEFAULT
88-0,CAR-TYPE-DEFAULT
88-1,CAR-TYPE-DEFAULT
88-2,CAR-TYPE-DEFAULT
88-3,CAR-TYPE-DEFAULT
88-4,CAR-TYPE-DEFAULT
89-0,CAR-TYPE-DEFAULT
89-1,CAR-TYPE-DEFAULT
90-0,CAR-TYPE-DEFAULT
90-1,CAR-TYPE-DEFAULT
91-0,CAR-TYPE-DEFAULT
91-1,CAR-TYPE-DEFAULT
91-2,CAR-TYPE-DEFAULT
91-3,CAR-TYPE-DEFAULT
92-0,CAR-TYPE-DEFAULT
92-1,CAR-TYPE-DEFAULT
92-2,CAR-TYPE-DEFAULT
92-3,CAR-TYPE-DEFAULT
92-4,CAR-TYPE-DEFAULT
93-0,CAR-TYPE-DEFAULT
93-1,CAR-TYPE-DEFAULT
93-2,CAR-TYPE-DEFAULT
94-0,CAR-TYPE-DEFAULT
94-1,CAR-TYPE-DEFAULT
94-2,CAR-TYPE-DEFAULT
95-0,CAR-TYPE-DEFAULT
95-1,CAR-TYPE-DEFAULT
95-2,CAR-TYPE-DEFAULT
96-0,CAR-TYPE-DEFAULT
96-1,CAR-TYPE-DEFAULT
96-2,CAR-TYPE-DEFAULT
96-3,CAR-TYPE-DEFAULT
96-4,CAR-TYPE-DEFAULT
97-0,CAR-TYPE-DEFAULT
97-1,CAR-TYPE-DEFAULT
98-0,CAR-TYPE-DEFAULT
98-1,CAR-TYPE-DEFAULT
99-0,CAR-TYPE-DEFAULT
99-1,CAR-TYPE-DEFAULT
99-2,CAR-TYPE-DEFAULT
99-3,CAR-TYPE-DEFAULT
99-4,CAR-TYPE-DEFAULT
100-0,CAR-TYPE-DEFAULT
100-1,CAR-TYPE-DEFAULT
100-2,CAR-TYPE-DEFAULT
101-0,CAR-TYPE-DEFAULT
101-1,CAR-TYPE-DEFAULT
102-0,CAR-TYPE-DEFAULT
102-1,CAR-TYPE-DEFAULT
103-0,CAR-TYPE-DEFAULT
103-1,CAR-TYPE-DEFAULT
104-0,CAR-TYPE-DEFAULT
104-1,CAR-TYPE-DEFAULT
104-2,CAR-TYPE-DEFAULT
104-3,CAR-TYPE-DEFAULT
104-4,CAR-TYPE-DEFAULT
105-0,CAR-TYPE-DEFAULT
105-1,CAR-TYPE-DEFAULT
105-2,CAR-TYPE-DEFAULT
105-3,CAR-TYPE-DEFAULT
105-4,CAR-TYPE-DEFAULT
106-0,CAR-TYPE-DEFAULT
106-1,CAR-TYPE-DEFAULT
107-0,CAR-TYPE-DEFAULT
107-1,CAR-TYPE-DEFAULT
107-2,CAR-TYPE-DEFAULT
107-3,CAR-TYPE-DEFAULT
107-4,CAR-TYPE-DEFAULT
108-0,CAR-TYPE-DEFAULT
108-1,CAR-TYPE-DEFAULT
109-0,CAR-TYPE-DEFAULT
109-1,CAR-TYPE-DEFAULT
109-2,CAR-TYPE-DEFAULT
109-3,CAR-TYPE-DEFAULT
109-4,CAR-TYPE-DEFAULT
110-0,CAR-TYPE-DEFAULT
110-1,CAR-TYPE-DEFAULT
110-2,CAR-TYPE-DEFAULT
111-0,CAR-TYPE-DEFAULT
111-1,CAR-TYPE-DEFAULT
111-2,CAR-TYPE-DEFAULT
111-3,CAR-TYPE-DEFAULT
112-0,CAR-TYPE-DEFAULT
112-1,CAR-TYPE-DEFAULT
112-2,CAR-TYPE-DEFAULT
112-3,CAR-TYPE-DEFAULT
112-4,CAR-TYPE-DEFAULT
113-0,CAR-TYPE-DEFAULT
113-1,CAR-TYPE-DEFAULT
113-2,CAR-TYPE-DEFAULT
114-0,CAR-TYPE-DEFAULT
114-1,CAR-TYPE-DEFAULT
114-2,CAR-TYPE-DEFAULT
114-3,CAR-TYPE-DEFAULT
115-0,CAR-TYPE-DEFAULT
115-1,CAR-TYPE-DEFAULT
115-2,CAR-TYPE-DEFAULT
116-0,CAR-TYPE-DEFAULT
116-1,CAR-TYPE-DEFAULT
116-2,CAR-TYPE-DEFAULT
117-0,CAR-TYPE-DEFAULT
117-1,CAR-TYPE-DEFAULT
117-2,CAR-TYPE-DEFAULT
117-3,CAR-TYPE-DEFAULT
118-0,CAR-TYPE-DEFAULT
118-1,CAR-TYPE-DEFAULT
118-2,CAR-TYPE-DEFAULT
119-0,CAR-TYPE-DEFAULT
119-1,CAR-TYPE-DEFAULT
119-2,CAR-TYPE-DEFAULT
120-0,CAR-TYPE-DEFAULT
120-1,CAR-TYPE-DEFAULT
121-0,CAR-TYPE-DEFAULT
121-1,CAR-TYPE-DEFAULT
122-0,CAR-TYPE-DEFAULT
122-1,CAR-TYPE-DEFAULT
122-2,CAR-TYPE-DEFAULT
123-0,CAR-TYPE-DEFAULT
123-1,CAR-TYPE-DEFAULT
123-2,CAR-TYPE-DEFAULT
124-0,CAR-TYPE-DEFAULT
124-1,CAR-TYPE-DEFAULT
124-2,CAR-TYPE-DEFAULT
125-0,CAR-TYPE-DEFAULT
125-1,CAR-TYPE-DEFAULT
125-2,CAR-TYPE-DEFAULT
126-0,CAR-TYPE-DEFAULT
126-1,CAR-TYPE-DEFAULT
126-2,CAR-TYPE-DEFAULT
126-3,CAR-TYPE-DEFAULT
127-0,CAR-TYPE-DEFAULT
127-1,CAR-TYPE-DEFAULT
127-2,CAR-TYPE-DEFAULT
127-3,CAR-TYPE-DEFAULT
128-0,CAR-TYPE-DEFAULT
128-1,CAR-TYPE-DEFAULT
128-2,CAR-TYPE-DEFAULT
129-0,CAR-TYPE-DEFAULT
129-1,CAR-TYPE-DEFAULT
129-2,CAR-TYPE-DEFAULT
129-3,CAR-TYPE-DEFAULT
129-4,CAR-TYPE-DEFAULT
130-0,CAR-TYPE-DEFAULT
130-1,CAR-TYPE-DEFAULT
130-2,CAR-TYPE-DEFAULT
131-0,CAR-TYPE-DEFAULT
131-1,CAR-TYPE-DEFAULT
132-0,CAR-TYPE-DEFAULT
132-1,CAR-TYPE-DEFAULT
132-2,CAR-TYPE-DEFAULT
132-3,CAR-TYPE-DEFAULT
133-0,CAR-TYPE-DEFAULT
133-1,CAR-TYPE-DEFAULT
133-2,CAR-TYPE-DEFAULT
134-0,CAR-TYPE-DEFAULT
134-1,CAR-TYPE-DEFAULT
135-0,CAR-TYPE-DEFAULT
135-1,CAR-TYPE-DEFAULT
136-0,CAR-TYPE-DEFAULT
136-1,CAR-TYPE-DEFAULT
137-0,CAR-TYPE-DEFAULT
137-1,CAR-TYPE-DEFAULT
137-2,CAR-TYPE-DEFAULT
138-0,CAR-TYPE-DEFAULT
138-1,CAR-TYPE-DEFAULT
138-2,CAR-TYPE-DEFAULT
139-0,CAR-TYPE-DEFAULT
139-1,CAR-TYPE-DEFAULT
139-2,CAR-TYPE-DEFAULT
140-0,CAR-TYPE-DEFAULT
140-1,CAR-TYPE-DEFAULT
140-2,CAR-TYPE-DEFAULT
140-3,CAR-TYPE-DEFAULT
141-0,CAR-TYPE-DEFAULT
141-1,CAR-TYPE-DEFAULT
141-2,CAR-TYPE-DEFAULT
141-3,CAR-TYPE-DEFAULT
142-0,CAR-TYPE-DEFAULT
142-1,CAR-TYPE-DEFAULT
142-2,CAR-TYPE-DEFAULT
143-0,CAR-TYPE-DEFAULT
143-1,CAR-TYPE-DEFAULT
143-2,CAR-TYPE-DEFAULT
143-3,CAR-TYPE-DEFAULT
143-4,CAR-TYPE-DEFAULT
144-0,CAR-TYPE-DEFAULT
144-1,CAR-TYPE-DEFAULT
144-2,CAR-TYPE-DEFAULT
145-0,CAR-TYPE-DEFAULT
145-1,CAR-TYPE-DEFAULT
145-2,CAR-TYPE-DEFAULT
146-0,CAR-TYPE-DEFAULT
146-1,CAR-TYPE-DEFAULT
146-2,CAR-TYPE-DEFAULT
147-0,CAR-TYPE-DEFAULT
147-1,CAR-TYPE-DEFAULT
147-2,CAR-TYPE-DEFAULT
148-0,CAR-TYPE-DEFAULT
148-1,CAR-TYPE-DEFAULT
149-0,CAR-TYPE-DEFAULT
149-1,CAR-TYPE-DEFAULT
149-2,CAR-TYPE-DEFAULT
149-3,CAR-TYPE-DEFAULT
149-4,CAR-TYPE-DEFAULT
150-0,CAR-TYPE-DEFAULT
150-1,CAR-TYPE-DEFAULT
150-2,CAR-TYPE-DEFAULT
151-0,CAR-TYPE-DEFAULT
151-1,CAR-TYPE-DEFAULT
151-2,CAR-TYPE-DEFAULT
151-3,CAR-TYPE-DEFAULT
151-4,CAR-TYPE-DEFAULT
152-0,CAR-TYPE-DEFAULT
152-1,CAR-TYPE-DEFAULT
153-0,CAR-TYPE-DEFAULT
153-1,CAR-TYPE-DEFAULT
153-2,CAR-TYPE-DEFAULT
153-3,CAR-TYPE-DEFAULT
154-0,CAR-TYPE-DEFAULT
154-1,CAR-TYPE-DEFAULT
154-2,CAR-TYPE-DEFAULT
155-0,CAR-TYPE-DEFAULT
155-1,CAR-TYPE-DEFAULT
155-2,CAR-TYPE-DEFAULT
156-0,CAR-TYPE-DEFAULT
156-1,CAR-TYPE-DEFAULT
157-0,CAR-TYPE-DEFAULT
157-1,CAR-TYPE-DEFAULT
157-2,CAR-TYPE-DEFAULT
157-3,CAR-TYPE-DEFAULT
157-4,CAR-TYPE-DEFAULT
158-0,CAR-TYPE-DEFAULT
158-1,CAR-TYPE-DEFAULT
159-0,CAR-TYPE-DEFAULT
159-1,CAR-TYPE-DEFAULT
159-2,CAR-TYPE-DEFAULT
160-0,CAR-TYPE-DEFAULT
160-1,CAR-TYPE-DEFAULT
160-2,CAR-TYPE-DEFAULT
160-3,CAR-TYPE-DEFAULT
161-0,CAR-TYPE-DEFAULT
161-1,CAR-TYPE-DEFAULT
162-0,CAR-TYPE-DEFAULT
162-1,CAR-TYPE-DEFAULT
162-2,CAR-TYPE-DEFAULT
162-3,CAR-TYPE-DEFAULT
163-0,CAR-TYPE-DEFAULT
163-1,CAR-TYPE-DEFAULT
163-2,CAR-TYPE-DEFAULT
163-3,CAR-TYPE-DEFAULT
164-0,CAR-TYPE-DEFAULT
164-1,CAR-TYPE-DEFAULT
164-2,CAR-TYPE-DEFAULT
164-3,CAR-TYPE-DEFAULT
164-4,CAR-TYPE-DEFAULT
165-0,CAR-TYPE-DEFAULT
165-1,CAR-TYPE-DEFAULT
165-2,CAR-TYPE-DEFAULT
165-3,CAR-TYPE-DEFAULT
166-0,CAR-TYPE-DEFAULT
166-1,CAR-TYPE-DEFAULT
166-2,CAR-TYPE-DEFAULT
166-3,CAR-TYPE-DEFAULT
167-0,CAR-TYPE-DEFAULT
167-1,CAR-TYPE-DEFAULT
168-0,CAR-TYPE-DEFAULT
168-1,CAR-TYPE-DEFAULT
168-2,CAR-TYPE-DEFAULT
169-0,CAR-TYPE-DEFAULT
169-1,CAR-TYPE-DEFAULT
169-2,CAR-TYPE-DEFAULT
170-0,CAR-TYPE-DEFAULT
170-1,CAR-TYPE-DEFAULT
170-2,CAR-TYPE-DEFAULT
170-3,CAR-TYPE-DEFAULT
170-4,CAR-TYPE-DEFAULT
171-0,CAR-TYPE-DEFAULT
171-1,CAR-TYPE-DEFAULT
171-2,CAR-TYPE-DEFAULT
171-3,CAR-TYPE-DEFAULT
171-4,CAR-TYPE-DEFAULT
172-0,CAR-TYPE-DEFAULT
172-1,CAR-TYPE-DEFAULT
173-0,CAR-TYPE-DEFAULT
173-1,CAR-TYPE-DEFAULT
173-2,CAR-TYPE-DEFAULT
174-0,CAR-TYPE-DEFAULT
174-1,CAR-TYPE-DEFAULT
175-0,CAR-TYPE-DEFAULT
175-1,CAR-TYPE-DEFAULT
175-2,CAR-TYPE-DEFAULT
176-0,CAR-TYPE-DEFAULT
176-1,CAR-TYPE-DEFAULT
177-0,CAR-TYPE-DEFAULT
177-1,CAR-TYPE-DEFAULT
177-2,CAR-TYPE-DEFAULT
177-3,CAR-TYPE-DEFAULT
177-4,CAR-TYPE-DEFAULT
178-0,CAR-TYPE-DEFAULT
178-1,CAR-TYPE-DEFAULT
179-0,CAR-TYPE-DEFAULT
179-1,CAR-TYPE-DEFAULT
179-2,CAR-TYPE-DEFAULT
180-0,CAR-TYPE-DEFAULT
180-1,CAR-TYPE-DEFAULT
180-2,CAR-TYPE-DEFAULT
181-0,CAR-TYPE-DEFAULT
181-1,CAR-TYPE-DEFAULT
181-2,CAR-TYPE-DEFAULT
181-3,CAR-TYPE-DEFAULT
181-4,CAR-TYPE-DEFAULT
182-0,CAR-TYPE-DEFAULT
182-1,CAR-TYPE-DEFAULT
182-2,CAR-TYPE-DEFAULT
182-3,CAR-TYPE-DEFAULT
182-4,CAR-TYPE-DEFAULT
183-0,CAR-TYPE-DEFAULT
183-1,CAR-TYPE-DEFAULT
184-0,CAR-TYPE-DEFAULT
184-1,CAR-TYPE-DEFAULT
185-0,CAR-TYPE-DEFAULT
185-1,CAR-TYPE-DEFAULT
186-0,CAR-TYPE-DEFAULT
186-1,CAR-TYPE-DEFAULT
186-2,CAR-TYPE-DEFAULT
187-0,CAR-TYPE-DEFAULT
187-1,CAR-TYPE-DEFAULT
187-2,CAR-TYPE-DEFAULT
187-3,CAR-TYPE-DEFAULT
187-4,CAR-TYPE-DEFAULT
188-0,CAR-TYPE-DEFAULT
188-1,CAR-TYPE-DEFAULT
189-0,CAR-TYPE-DEFAULT
189-1,CAR-TYPE-DEFAULT
189-2,CAR-TYPE-DEFAULT
190-0,CAR-TYPE-DEFAULT
190-1,CAR-TYPE-DEFAULT
190-2,CAR-TYPE-DEFAULT
190-3,CAR-TYPE-DEFAULT
191-0,CAR-TYPE-DEFAULT
191-1,CAR-TYPE-DEFAULT
192-0,CAR-TYPE-DEFAULT
192-1,CAR-TYPE-DEFAULT
193-0,CAR-TYPE-DEFAULT
193-1,CAR-TYPE-DEFAULT
193-2,CAR-TYPE-DEFAULT
193-3,CAR-TYPE-DEFAULT
193-4,CAR-TYPE-DEFAULT
194-0,CAR-TYPE-DEFAULT
194-1,CAR-TYPE-DEFAULT
195-0,CAR-TYPE-DEFAULT
195-1,CAR-TYPE-DEFAULT
195-2,CAR-TYPE-DEFAULT
196-0,CAR-TYPE-DEFAULT
196-1,CAR-TYPE-DEFAULT
197-0,CAR-TYPE-DEFAULT
197-1,CAR-TYPE-DEFAULT
197-2,CAR-TYPE-DEFAULT
197-3,CAR-TYPE-DEFAULT
198-0,CAR-TYPE-DEFAULT
198-1,CAR-TYPE-DEFAULT
198-2,CAR-TYPE-DEFAULT
199-0,CAR-TYPE-DEFAULT
199-1,CAR-TYPE-DEFAULT
199-2,CAR-TYPE-DEFAULT
199-3,CAR-TYPE-DEFAULT
200-0,CAR-TYPE-DEFAULT
200-1,CAR-TYPE-DEFAULT
200-2,CAR-TYPE-DEFAULT
200-3,CAR-TYPE-DEFAULT
201-0,CAR-TYPE-DEFAULT
201-1,CAR-TYPE-DEFAULT
201-2,CAR-TYPE-DEFAULT
202-0,CAR-TYPE-DEFAULT
202-1,CAR-TYPE-DEFAULT
202-2,CAR-TYPE-DEFAULT
202-3,CAR-TYPE-DEFAULT
203-0,CAR-TYPE-DEFAULT
203-1,CAR-TYPE-DEFAULT
204-0,CAR-TYPE-DEFAULT
204-1,CAR-TYPE-DEFAULT
204-2,CAR-TYPE-DEFAULT
204-3,CAR-TYPE-DEFAULT
205-0,CAR-TYPE-DEFAULT
205-1,CAR-TYPE-DEFAULT
205-2,CAR-TYPE-DEFAULT
205-3,CAR-TYPE-DEFAULT
205-4,CAR-TYPE-DEFAULT
206-0,CAR-TYPE-DEFAULT
206-1,CAR-TYPE-DEFAULT
207-0,CAR-TYPE-DEFAULT
207-1,CAR-TYPE-DEFAULT
207-2,CAR-TYPE-DEFAULT
208-0,CAR-TYPE-DEFAULT
208-1,CAR-TYPE-DEFAULT
208-2,CAR-TYPE-DEFAULT
208-3,CAR-TYPE-DEFAULT
208-4,CAR-TYPE-DEFAULT
209-0,CAR-TYPE-DEFAULT
209-1,CAR-TYPE-DEFAULT
210-0,CAR-TYPE-DEFAULT
210-1,CAR-TYPE-DEFAULT
210-2,CAR-TYPE-DEFAULT
211-0,CAR-TYPE-DEFAULT
211-1,CAR-TYPE-DEFAULT
211-2,CAR-TYPE-DEFAULT
211-3,CAR-TYPE-DEFAULT
211-4,CAR-TYPE-DEFAULT
212-0,CAR-TYPE-DEFAULT
212-1,CAR-TYPE-DEFAULT
212-2,CAR-TYPE-DEFAULT
213-0,CAR-TYPE-DEFAULT
213-1,CAR-TYPE-DEFAULT
213-2,CAR-TYPE-DEFAULT
213-3,CAR-TYPE-DEFAULT
213-4,CAR-TYPE-DEFAULT
214-0,CAR-TYPE-DEFAULT
214-1,CAR-TYPE-DEFAULT
214-2,CAR-TYPE-DEFAULT
214-3,CAR-TYPE-DEFAULT
214-4,CAR-TYPE-DEFAULT
215-0,CAR-TYPE-DEFAULT
215-1,CAR-TYPE-DEFAULT
215-2,CAR-TYPE-DEFAULT
216-0,CAR-TYPE-DEFAULT
216-1,CAR-TYPE-DEFAULT
216-2,CAR-TYPE-DEFAULT
216-3,CAR-TYPE-DEFAULT
217-0,CAR-TYPE-DEFAULT
217-1,CAR-TYPE-DEFAULT
217-2,CAR-TYPE-DEFAULT
218-0,CAR-TYPE-DEFAULT
218-1,CAR-TYPE-DEFAULT
218-2,CAR-TYPE-DEFAULT
218-3,CAR-TYPE-DEFAULT
219-0,CAR-TYPE-DEFAULT
219-1,CAR-TYPE-DEFAULT
219-2,CAR-TYPE-DEFAULT
219-3,CAR-TYPE-DEFAULT
220-0,CAR-TYPE-DEFAULT
220-1,CAR-TYPE-DEFAULT
220-2,CAR-TYPE-DEFAULT
220-3,CAR-TYPE-DEFAULT
220-4,CAR-TYPE-DEFAULT
221-0,CAR-TYPE-DEFAULT
221-1,CAR-TYPE-DEFAULT
221-2,CAR-TYPE-DEFAULT
221-3,CAR-TYPE-DEFAULT
221-4,CAR-TYPE-DEFAULT
222-0,CAR-TYPE-DEFAULT
222-1,CAR-TYPE-DEFAULT
223-0,CAR-TYPE-DEFAULT
223-1,CAR-TYPE-DEFAULT
224-0,CAR-TYPE-DEFAULT
224-1,CAR-TYPE-DEFAULT
224-2,CAR-TYPE-DEFAULT
225-0,CAR-TYPE-DEFAULT
225-1,CAR-TYPE-DEFAULT
225-2,CAR-TYPE-DEFAULT
225-3,CAR-TYPE-DEFAULT
226-0,CAR-TYPE-DEFAULT
226-1,CAR-TYPE-DEFAULT
226-2,CAR-TYPE-DEFAULT
227-0,CAR-TYPE-DEFAULT
227-1,CAR-TYPE-DEFAULT
228-0,CAR-TYPE-DEFAULT
228-1,CAR-TYPE-DEFAULT
229-0,CAR-TYPE-DEFAULT
229-1,CAR-TYPE-DEFAULT
229-2,CAR-TYPE-DEFAULT
229-3,CAR-TYPE-DEFAULT
230-0,CAR-TYPE-DEFAULT
230-1,CAR-TYPE-DEFAULT
230-2,CAR-TYPE-DEFAULT
230-3,CAR-TYPE-DEFAULT
230-4,CAR-TYPE-DEFAULT
231-0,CAR-TYPE-DEFAULT
231-1,CAR-TYPE-DEFAULT
231-2,CAR-TYPE-DEFAULT
231-3,CAR-TYPE-DEFAULT
232-0,CAR-TYPE-DEFAULT
232-1,CAR-TYPE-DEFAULT
232-2,CAR-TYPE-DEFAULT
233-0,CAR-TYPE-DEFAULT
233-1,CAR-TYPE-DEFAULT
233-2,CAR-TYPE-DEFAULT
233-3,CAR-TYPE-DEFAULT
234-0,CAR-TYPE-DEFAULT
234-1,CAR-TYPE-DEFAULT
234-2,CAR-TYPE-DEFAULT
234-3,CAR-TYPE-DEFAULT
234-4,CAR-TYPE-DEFAULT
235-0,CAR-TYPE-DEFAULT
235-1,CAR-TYPE-DEFAULT
235-2,CAR-TYPE-DEFAULT
235-3,CAR-TYPE-DEFAULT
236-0,CAR-TYPE-DEFAULT
236-1,CAR-TYPE-DEFAULT
237-0,CAR-TYPE-DEFAULT
237-1,CAR-TYPE-DEFAULT
237-2,CAR-TYPE-DEFAULT
238-0,CAR-TYPE-DEFAULT
238-1,CAR-TYPE-DEFAULT
238-2,CAR-TYPE-DEFAULT
239-0,CAR-TYPE-DEFAULT
239-1,CAR-TYPE-DEFAULT
240-0,CAR-TYPE-DEFAULT
240-1,CAR-TYPE-DEFAULT
240-2,CAR-TYPE-DEFAULT
241-0,CAR-TYPE-DEFAULT
241-1,CAR-TYPE-DEFAULT
241-2,CAR-TYPE-DEFAULT
241-3,CAR-TYPE-DEFAULT
241-4,CAR-TYPE-DEFAULT
242-0,CAR-TYPE-DEFAULT
242-1,CAR-TYPE-DEFAULT
242-2,CAR-TYPE-DEFAULT
243-0,CAR-TYPE-DEFAULT
243-1,CAR-TYPE-DEFAULT
243-2,CAR-TYPE-DEFAULT
244-0,CAR-TYPE-DEFAULT
244-1,CAR-TYPE-DEFAULT
245-0,CAR-TYPE-DEFAULT
245-1,CAR-TYPE-DEFAULT
245-2,CAR-TYPE-DEFAULT
246-0,CAR-TYPE-DEFAULT
246-1,CAR-TYPE-DEFAULT
246-2,CAR-TYPE-DEFAULT
247-0,CAR-TYPE-DEFAULT
247-1,CAR-TYPE-DEFAULT
248-0,CAR-TYPE-DEFAULT
248-1,CAR-TYPE-DEFAULT
249-0,CAR-TYPE-DEFAULT
249-1,CAR-TYPE-DEFAULT
249-2,CAR-TYPE-DEFAULT
250-0,CAR-TYPE-DEFAULT
250-1,CAR-TYPE-DEFAULT
250-2,CAR-TYPE-DEFAULT
250-3,CAR-TYPE-DEFAULT
250-4,CAR-TYPE-DEFAULT
251-0,CAR-TYPE-DEFAULT
251-1,CAR-TYPE-DEFAULT
251-2,CAR-TYPE-DEFAULT
252-0,CAR-TYPE-DEFAULT
252-1,CAR-TYPE-DEFAULT
252-2,CAR-TYPE-DEFAULT
252-3,CAR-TYPE-DEFAULT
252-4,CAR-TYPE-DEFAULT
253-0,CAR-TYPE-DEFAULT
253-1,CAR-TYPE-DEFAULT
253-2,CAR-TYPE-DEFAULT
254-0,CAR-TYPE-DEFAULT
254-1,CAR-TYPE-DEFAULT
254-2,CAR-TYPE-DEFAULT
255-0,CAR-TYPE-DEFAULT
255-1,CAR-TYPE-DEFAULT
255-2,CAR-TYPE-DEFAULT
256-0,CAR-TYPE-DEFAULT
256-1,CAR-TYPE-DEFAULT
257-0,CAR-TYPE-DEFAULT
257-1,CAR-TYPE-DEFAULT
257-2,CAR-TYPE-DEFAULT
257-3,CAR-TYPE-DEFAULT
257-4,CAR-TYPE-DEFAULT
258-0,CAR-TYPE-DEFAULT
258-1,CAR-TYPE-DEFAULT
258-2,CAR-TYPE-DEFAULT
258-3,CAR-TYPE-DEFAULT
258-4,CAR-TYPE-DEFAULT
259-0,CAR-TYPE-DEFAULT
259-1,CAR-TYPE-DEFAULT
259-2,CAR-TYPE-DEFAULT
259-3,CAR-TYPE-DEFAULT
259-4,CAR-TYPE-DEFAULT
260-0,CAR-TYPE-DEFAULT
260-1,CAR-TYPE-DEFAULT
261-0,CAR-TYPE-DEFAULT
261-1,CAR-TYPE-DEFAULT
261-2,CAR-TYPE-DEFAULT
261-3,CAR-TYPE-DEFAULT
261-4,CAR-TYPE-DEFAULT
262-0,CAR-TYPE-DEFAULT
262-1,CAR-TYPE-DEFAULT
262-2,CAR-TYPE-DEFAULT
263-0,CAR-TYPE-DEFAULT
263-1,CAR-TYPE-DEFAULT
263-2,CAR-TYPE-DEFAULT
264-0,CAR-TYPE-DEFAULT
264-1,CAR-TYPE-DEFAULT
264-2,CAR-TYPE-DEFAULT
265-0,CAR-TYPE-DEFAULT
265-1,CAR-TYPE-DEFAULT
266-0,CAR-TYPE-DEFAULT
266-1,CAR-TYPE-DEFAULT
267-0,CAR-TYPE-DEFAULT
267-1,CAR-TYPE-DEFAULT
268-0,CAR-TYPE-DEFAULT
268-1,CAR-TYPE-DEFAULT
268-2,CAR-TYPE-DEFAULT
268-3,CAR-TYPE-DEFAULT
268-4,CAR-TYPE-DEFAULT
269-0,CAR-TYPE-DEFAULT
269-1,CAR-TYPE-DEFAULT
269-2,CAR-TYPE-DEFAULT
269-3,CAR-TYPE-DEFAULT
269-4,CAR-TYPE-DEFAULT
270-0,CAR-TYPE-DEFAULT
270-1,CAR-TYPE-DEFAULT
270-2,CAR-TYPE-DEFAULT
271-0,CAR-TYPE-DEFAULT
271-1,CAR-TYPE-DEFAULT
271-2,CAR-TYPE-DEFAULT
271-3,CAR-TYPE-DEFAULT
272-0,CAR-TYPE-DEFAULT
272-1,CAR-TYPE-DEFAULT
272-2,CAR-TYPE-DEFAULT
273-0,CAR-TYPE-DEFAULT
273-1,CAR-TYPE-DEFAULT
273-2,CAR-TYPE-DEFAULT
273-3,CAR-TYPE-DEFAULT
274-0,CAR-TYPE-DEFAULT
274-1,CAR-TYPE-DEFAULT
274-2,CAR-TYPE-DEFAULT
274-3,CAR-TYPE-DEFAULT
275-0,CAR-TYPE-DEFAULT
275-1,CAR-TYPE-DEFAULT
275-2,CAR-TYPE-DEFAULT
275-3,CAR-TYPE-DEFAULT
276-0,CAR-TYPE-DEFAULT
276-1,CAR-TYPE-DEFAULT
277-0,CAR-TYPE-DEFAULT
277-1,CAR-TYPE-DEFAULT
277-2,CAR-TYPE-DEFAULT
277-3,CAR-TYPE-DEFAULT
277-4,CAR-TYPE-DEFAULT
278-0,CAR-TYPE-DEFAULT
278-1,CAR-TYPE-DEFAULT
278-2,CAR-TYPE-DEFAULT
279-0,CAR-TYPE-DEFAULT
279-1,CAR-TYPE-DEFAULT
279-2,CAR-TYPE-DEFAULT
279-3,CAR-TYPE-DEFAULT
279-4,CAR-TYPE-DEFAULT
280-0,CAR-TYPE-DEFAULT
280-1,CAR-TYPE-DEFAULT
280-2,CAR-TYPE-DEFAULT
281-0,CAR-TYPE-DEFAULT
281-1,CAR-TYPE-DEFAULT
281-2,CAR-TYPE-DEFAULT
281-3,CAR-TYPE-DEFAULT
282-0,CAR-TYPE-DEFAULT
282-1,CAR-TYPE-DEFAULT
282-2,CAR-TYPE-DEFAULT
283-0,CAR-TYPE-DEFAULT
283-1,CAR-TYPE-DEFAULT
283-2,CAR-TYPE-DEFAULT
283-3,CAR-TYPE-DEFAULT
284-0,CAR-TYPE-DEFAULT
284-1,CAR-TYPE-DEFAULT
285-0,CAR-TYPE-DEFAULT
285-1,CAR-TYPE-DEFAULT
285-2,CAR-TYPE-DEFAULT
286-0,CAR-TYPE-DEFAULT
286-1,CAR-TYPE-DEFAULT
287-0,CAR-TYPE-DEFAULT
287-1,CAR-TYPE-DEFAULT
287-2,CAR-TYPE-DEFAULT
287-3,CAR-TYPE-DEFAULT
287-4,CAR-TYPE-DEFAULT
288-0,CAR-TYPE-DEFAULT
288-1,CAR-TYPE-DEFAULT
288-2,CAR-TYPE-DEFAULT
288-3,CAR-TYPE-DEFAULT
288-4,CAR-TYPE-DEFAULT
289-0,CAR-TYPE-DEFAULT
289-1,CAR-TYPE-DEFAULT
289-2,CAR-TYPE-DEFAULT
290-0,CAR-TYPE-DEFAULT
290-1,CAR-TYPE-DEFAULT
290-2,CAR-TYPE-DEFAULT
291-0,CAR-TYPE-DEFAULT
291-1,CAR-TYPE-DEFAULT
291-2,CAR-TYPE-DEFAULT
291-3,CAR-TYPE-DEFAULT
291-4,CAR-TYPE-DEFAULT
292-0,CAR-TYPE-DEFAULT
292-1,CAR-TYPE-DEFAULT
292-2,CAR-TYPE-DEFAULT
292-3,CAR-TYPE-DEFAULT
292-4,CAR-TYPE-DEFAULT
293-0,CAR-TYPE-DEFAULT
293-1,CAR-TYPE-DEFAULT
293-2,CAR-TYPE-DEFAULT
294-0,CAR-TYPE-DEFAULT
294-1,CAR-TYPE-DEFAULT
295-0,CAR-TYPE-DEFAULT
295-1,CAR-TYPE-DEFAULT
295-2,CAR-TYPE-DEFAULT
296-0,CAR-TYPE-DEFAULT
296-1,CAR-TYPE-DEFAULT
296-2,CAR-TYPE-DEFAULT
296-3,CAR-TYPE-DEFAULT
297-0,CAR-TYPE-DEFAULT
297-1,CAR-TYPE-DEFAULT
298-0,CAR-TYPE-DEFAULT
298-1,CAR-TYPE-DEFAULT
299-0,CAR-TYPE-DEFAULT
299-1,CAR-TYPE-DEFAULT
300-0,CAR-TYPE-DEFAULT
300-1,CAR-TYPE-DEFAULT
300-2,CAR-TYPE-DEFAULT
301-0,CAR-TYPE-DEFAULT
301-1,CAR-TYPE-DEFAULT
302-0,CAR-TYPE-DEFAULT
302-1,CAR-TYPE-DEFAULT
302-2,CAR-TYPE-DEFAULT
303-0,CAR-TYPE-DEFAULT
303-1,CAR-TYPE-DEFAULT
304-0,CAR-TYPE-DEFAULT
304-1,CAR-TYPE-DEFAULT
304-2,CAR-TYPE-DEFAULT
305-0,CAR-TYPE-DEFAULT
305-1,CAR-TYPE-DEFAULT
305-2,CAR-TYPE-DEFAULT
306-0,CAR-TYPE-DEFAULT
306-1,CAR-TYPE-DEFAULT
307-0,CAR-TYPE-DEFAULT
307-1,CAR-TYPE-DEFAULT
307-2,CAR-TYPE-DEFAULT
308-0,CAR-TYPE-DEFAULT
308-1,CAR-TYPE-DEFAULT
308-2,CAR-TYPE-DEFAULT
308-3,CAR-TYPE-DEFAULT
308-4,CAR-TYPE-DEFAULT
309-0,CAR-TYPE-DEFAULT
309-1,CAR-TYPE-DEFAULT
309-2,CAR-TYPE-DEFAULT
310-0,CAR-TYPE-DEFAULT
310-1,CAR-TYPE-DEFAULT
310-2,CAR-TYPE-DEFAULT
310-3,CAR-TYPE-DEFAULT
311-0,CAR-TYPE-DEFAULT
311-1,CAR-TYPE-DEFAULT
311-2,CAR-TYPE-DEFAULT
311-3,CAR-TYPE-DEFAULT
312-0,CAR-TYPE-DEFAULT
312-1,CAR-TYPE-DEFAULT
313-0,CAR-TYPE-DEFAULT
313-1,CAR-TYPE-DEFAULT
314-0,CAR-TYPE-DEFAULT
314-1,CAR-TYPE-DEFAULT
314-2,CAR-TYPE-DEFAULT
314-3,CAR-TYPE-DEFAULT
314-4,CAR-TYPE-DEFAULT
315-0,CAR-TYPE-DEFAULT
315-1,CAR-TYPE-DEFAULT
315-2,CAR-TYPE-DEFAULT
316-0,CAR-TYPE-DEFAULT
316-1,CAR-TYPE-DEFAULT
316-2,CAR-TYPE-DEFAULT
316-3,CAR-TYPE-DEFAULT
316-4,CAR-TYPE-DEFAULT
317-0,CAR-TYPE-DEFAULT
317-1,CAR-TYPE-DEFAULT
318-0,CAR-TYPE-DEFAULT
318-1,CAR-TYPE-DEFAULT
319-0,CAR-TYPE-DEFAULT
319-1,CAR-TYPE-DEFAULT
319-2,CAR-TYPE-DEFAULT
320-0,CAR-TYPE-DEFAULT
320-1,CAR-TYPE-DEFAULT
321-0,CAR-TYPE-DEFAULT
321-1,CAR-TYPE-DEFAULT
321-2,CAR-TYPE-DEFAULT
321-3,CAR-TYPE-DEFAULT
321-4,CAR-TYPE-DEFAULT
322-0,CAR-TYPE-DEFAULT
322-1,CAR-TYPE-DEFAULT
322-2,CAR-TYPE-DEFAULT
323-0,CAR-TYPE-DEFAULT
323-1,CAR-TYPE-DEFAULT
324-0,CAR-TYPE-DEFAULT
324-1,CAR-TYPE-DEFAULT
325-0,CAR-TYPE-DEFAULT
325-1,CAR-TYPE-DEFAULT
325-2,CAR-TYPE-DEFAULT
325-3,CAR-TYPE-DEFAULT
325-4,CAR-TYPE-DEFAULT
326-0,CAR-TYPE-DEFAULT
326-1,CAR-TYPE-DEFAULT
326-2,CAR-TYPE-DEFAULT
327-0,CAR-TYPE-DEFAULT
327-1,CAR-TYPE-DEFAULT
327-2,CAR-TYPE-DEFAULT
328-0,CAR-TYPE-DEFAULT
328-1,CAR-TYPE-DEFAULT
328-2,CAR-TYPE-DEFAULT
329-0,CAR-TYPE-DEFAULT
329-1,CAR-TYPE-DEFAULT
329-2,CAR-TYPE-DEFAULT
329-3,CAR-TYPE-DEFAULT
330-0,CAR-TYPE-DEFAULT
330-1,CAR-TYPE-DEFAULT
330-2,CAR-TYPE-DEFAULT
331-0,CAR-TYPE-DEFAULT
331-1,CAR-TYPE-DEFAULT
331-2,CAR-TYPE-DEFAULT
331-3,CAR-TYPE-DEFAULT
331-4,CAR-TYPE-DEFAULT
332-0,CAR-TYPE-DEFAULT
332-1,CAR-TYPE-DEFAULT
333-0,CAR-TYPE-DEFAULT
333-1,CAR-TYPE-DEFAULT
334-0,CAR-TYPE-DEFAULT
334-1,CAR-TYPE-DEFAULT
335-0,CAR-TYPE-DEFAULT
335-1,CAR-TYPE-DEFAULT
336-0,CAR-TYPE-DEFAULT
336-1,CAR-TYPE-DEFAULT
336-2,CAR-TYPE-DEFAULT
337-0,CAR-TYPE-DEFAULT
337-1,CAR-TYPE-DEFAULT
338-0,CAR-TYPE-DEFAULT
338-1,CAR-TYPE-DEFAULT
338-2,CAR-TYPE-DEFAULT
338-3,CAR-TYPE-DEFAULT
338-4,CAR-TYPE-DEFAULT
339-0,CAR-TYPE-DEFAULT
339-1,CAR-TYPE-DEFAULT
339-2,CAR-TYPE-DEFAULT
340-0,CAR-TYPE-DEFAULT
340-1,CAR-TYPE-DEFAULT
340-2,CAR-TYPE-DEFAULT
341-0,CAR-TYPE-DEFAULT
341-1,CAR-TYPE-DEFAULT
341-2,CAR-TYPE-DEFAULT
341-3,CAR-TYPE-DEFAULT
341-4,CAR-TYPE-DEFAULT
342-0,CAR-TYPE-DEFAULT
342-1,CAR-TYPE-DEFAULT
342-2,CAR-TYPE-DEFAULT
343-0,CAR-TYPE-DEFAULT
343-1,CAR-TYPE-DEFAULT
343-2,CAR-TYPE-DEFAULT
344-0,CAR-TYPE-DEFAULT
344-1,CAR-TYPE-DEFAULT
345-0,CAR-TYPE-DEFAULT
345-1,CAR-TYPE-DEFAULT
345-2,CAR-TYPE-DEFAULT
346-0,CAR-TYPE-DEFAULT
346-1,CAR-TYPE-DEFAULT
347-0,CAR-TYPE-DEFAULT
347-1,CAR-TYPE-DEFAULT
348-0,CAR-TYPE-DEFAULT
348-1,CAR-TYPE-DEFAULT
348-2,CAR-TYPE-DEFAULT
348-3,CAR-TYPE-DEFAULT
348-4,CAR-TYPE-DEFAULT
349-0,CAR-TYPE-DEFAULT
349-1,CAR-TYPE-DEFAULT
349-2,CAR-TYPE-DEFAULT
350-0,CAR-TYPE-DEFAULT
350-1,CAR-TYPE-DEFAULT
350-2,CAR-TYPE-DEFAULT
350-3,CAR-TYPE-DEFAULT
350-4,CAR-TYPE-DEFAULT
351-0,CAR-TYPE-DEFAULT
351-1,CAR-TYPE-DEFAULT
351-2,CAR-TYPE-DEFAULT
351-3,CAR-TYPE-DEFAULT
352-0,CAR-TYPE-DEFAULT
352-1,CAR-TYPE-DEFAULT
353-0,CAR-TYPE-DEFAULT
353-1,CAR-TYPE-DEFAULT
353-2,CAR-TYPE-DEFAULT
353-3,CAR-TYPE-DEFAULT
353-4,CAR-TYPE-DEFAULT
354-0,CAR-TYPE-DEFAULT
354-1,CAR-TYPE-DEFAULT
354-2,CAR-TYPE-DEFAULT
355-0,CAR-TYPE-DEFAULT
355-1,CAR-TYPE-DEFAULT
356-0,CAR-TYPE-DEFAULT
356-1,CAR-TYPE-DEFAULT
357-0,CAR-TYPE-DEFAULT
357-1,CAR-TYPE-DEFAULT
358-0,CAR-TYPE-DEFAULT
358-1,CAR-TYPE-DEFAULT
358-2,CAR-TYPE-DEFAULT
359-0,CAR-TYPE-DEFAULT
359-1,CAR-TYPE-DEFAULT
359-2,CAR-TYPE-DEFAULT
360-0,CAR-TYPE-DEFAULT
360-1,CAR-TYPE-DEFAULT
360-2,CAR-TYPE-DEFAULT
361-0,CAR-TYPE-DEFAULT
361-1,CAR-TYPE-DEFAULT
361-2,CAR-TYPE-DEFAULT
362-0,CAR-TYPE-DEFAULT
362-1,CAR-TYPE-DEFAULT
362-2,CAR-TYPE-DEFAULT
362-3,CAR-TYPE-DEFAULT
363-0,CAR-TYPE-DEFAULT
363-1,CAR-TYPE-DEFAULT
364-0,CAR-TYPE-DEFAULT
364-1,CAR-TYPE-DEFAULT
364-2,CAR-TYPE-DEFAULT
364-3,CAR-TYPE-DEFAULT
364-4,CAR-TYPE-DEFAULT
365-0,CAR-TYPE-DEFAULT
365-1,CAR-TYPE-DEFAULT
366-0,CAR-TYPE-DEFAULT
366-1,CAR-TYPE-DEFAULT
367-0,CAR-TYPE-DEFAULT
367-1,CAR-TYPE-DEFAULT
368-0,CAR-TYPE-DEFAULT
368-1,CAR-TYPE-DEFAULT
369-0,CAR-TYPE-DEFAULT
369-1,CAR-TYPE-DEFAULT
369-2,CAR-TYPE-DEFAULT
370-0,CAR-TYPE-DEFAULT
370-1,CAR-TYPE-DEFAULT
370-2,CAR-TYPE-DEFAULT
371-0,CAR-TYPE-DEFAULT
371-1,CAR-TYPE-DEFAULT
372-0,CAR-TYPE-DEFAULT
372-1,CAR-TYPE-DEFAULT
372-2,CAR-TYPE-DEFAULT
373-0,CAR-TYPE-DEFAULT
373-1,CAR-TYPE-DEFAULT
373-2,CAR-TYPE-DEFAULT
374-0,CAR-TYPE-DEFAULT
374-1,CAR-TYPE-DEFAULT
375-0,CAR-TYPE-DEFAULT
375-1,CAR-TYPE-DEFAULT
375-2,CAR-TYPE-DEFAULT
376-0,CAR-TYPE-DEFAULT
376-1,CAR-TYPE-DEFAULT
376-2,CAR-TYPE-DEFAULT
377-0,CAR-TYPE-DEFAULT
377-1,CAR-TYPE-DEFAULT
377-2,CAR-TYPE-DEFAULT
377-3,CAR-TYPE-DEFAULT
378-0,CAR-TYPE-DEFAULT
378-1,CAR-TYPE-DEFAULT
379-0,CAR-TYPE-DEFAULT
379-1,CAR-TYPE-DEFAULT
380-0,CAR-TYPE-DEFAULT
380-1,CAR-TYPE-DEFAULT
380-2,CAR-TYPE-DEFAULT
381-0,CAR-TYPE-DEFAULT
381-1,CAR-TYPE-DEFAULT
381-2,CAR-TYPE-DEFAULT
381-3,CAR-TYPE-DEFAULT
381-4,CAR-TYPE-DEFAULT
382-0,CAR-TYPE-DEFAULT
382-1,CAR-TYPE-DEFAULT
382-2,CAR-TYPE-DEFAULT
382-3,CAR-TYPE-DEFAULT
383-0,CAR-TYPE-DEFAULT
383-1,CAR-TYPE-DEFAULT
384-0,CAR-TYPE-DEFAULT
384-1,CAR-TYPE-DEFAULT
385-0,CAR-TYPE-DEFAULT
385-1,CAR-TYPE-DEFAULT
385-2,CAR-TYPE-DEFAULT
385-3,CAR-TYPE-DEFAULT
385-4,CAR-TYPE-DEFAULT
386-0,CAR-TYPE-DEFAULT
386-1,CAR-TYPE-DEFAULT
386-2,CAR-TYPE-DEFAULT
386-3,CAR-TYPE-DEFAULT
386-4,CAR-TYPE-DEFAULT
387-0,CAR-TYPE-DEFAULT
387-1,CAR-TYPE-DEFAULT
387-2,CAR-TYPE-DEFAULT
388-0,CAR-TYPE-DEFAULT
388-1,CAR-TYPE-DEFAULT
388-2,CAR-TYPE-DEFAULT
389-0,CAR-TYPE-DEFAULT
389-1,CAR-TYPE-DEFAULT
389-2,CAR-TYPE-DEFAULT
389-3,CAR-TYPE-DEFAULT
389-4,CAR-TYPE-DEFAULT
390-0,CAR-TYPE-DEFAULT
390-1,CAR-TYPE-DEFAULT
391-0,CAR-TYPE-DEFAULT
391-1,CAR-TYPE-DEFAULT
391-2,CAR-TYPE-DEFAULT
391-3,CAR-TYPE-DEFAULT
392-0,CAR-TYPE-DEFAULT
392-1,CAR-TYPE-DEFAULT
392-2,CAR-TYPE-DEFAULT
392-3,CAR-TYPE-DEFAULT
392-4,CAR-TYPE-DEFAULT
393-0,CAR-TYPE-DEFAULT
393-1,CAR-TYPE-DEFAULT
393-2,CAR-TYPE-DEFAULT
394-0,CAR-TYPE-DEFAULT
394-1,CAR-TYPE-DEFAULT
394-2,CAR-TYPE-DEFAULT
395-0,CAR-TYPE-DEFAULT
395-1,CAR-TYPE-DEFAULT
395-2,CAR-TYPE-DEFAULT
396-0,CAR-TYPE-DEFAULT
396-1,CAR-TYPE-DEFAULT
397-0,CAR-TYPE-DEFAULT
397-1,CAR-TYPE-DEFAULT
398-0,CAR-TYPE-DEFAULT
398-1,CAR-TYPE-DEFAULT
398-2,CAR-TYPE-DEFAULT
398-3,CAR-TYPE-DEFAULT
399-0,CAR-TYPE-DEFAULT
399-1,CAR-TYPE-DEFAULT
399-2,CAR-TYPE-DEFAULT
400-0,CAR-TYPE-DEFAULT
400-1,CAR-TYPE-DEFAULT
400-2,CAR-TYPE-DEFAULT
401-0,CAR-TYPE-DEFAULT
401-1,CAR-TYPE-DEFAULT
401-2,CAR-TYPE-DEFAULT
402-0,CAR-TYPE-DEFAULT
402-1,CAR-TYPE-DEFAULT
402-2,CAR-TYPE-DEFAULT
403-0,CAR-TYPE-DEFAULT
403-1,CAR-TYPE-DEFAULT
403-2,CAR-TYPE-DEFAULT
403-3,CAR-TYPE-DEFAULT
403-4,CAR-TYPE-DEFAULT
404-0,CAR-TYPE-DEFAULT
404-1,CAR-TYPE-DEFAULT
404-2,CAR-TYPE-DEFAULT
404-3,CAR-TYPE-DEFAULT
404-4,CAR-TYPE-DEFAULT
405-0,CAR-TYPE-DEFAULT
405-1,CAR-TYPE-DEFAULT
406-0,CAR-TYPE-DEFAULT
406-1,CAR-TYPE-DEFAULT
407-0,CAR-TYPE-DEFAULT
407-1,CAR-TYPE-DEFAULT
407-2,CAR-TYPE-DEFAULT
408-0,CAR-TYPE-DEFAULT
408-1,CAR-TYPE-DEFAULT
408-2,CAR-TYPE-DEFAULT
408-3,CAR-TYPE-DEFAULT
409-0,CAR-TYPE-DEFAULT
409-1,CAR-TYPE-DEFAULT
409-2,CAR-TYPE-DEFAULT
409-3,CAR-TYPE-DEFAULT
